timestamp,date_GMT,team_name,a_team,ppg,Opp_PPG,PPG_Dif,goal_count,a_goal_count,corner_count,shots,shots_on_target,Opp_Shot_On_Target,SoT_Comp_Ratio,SoT_Diff,Goal_Sot,possession,xg,Op_Xg,xg_diff,odds_win,odds_draw,Win,prediction_label
1679583600,Mar 23 2023 - 3:00pm,Kazakhstan,Slovenia,1.64,2.2,-0.56,1,2,3,5,3,7,0.428571429,-4,0.333333333,40,0.77,1.6,-0.83,4.4,0,0,0
1679600700,Mar 23 2023 - 7:45pm,Italy,England,1.75,2.5,-0.75,1,2,7,8,2,5,0.4,-3,0.5,58,1.15,0.95,0.2,2.9,0,0,0
1679600700,Mar 23 2023 - 7:45pm,FYR Macedonia,Malta,1,0,1,2,1,5,14,5,3,1.666666667,2,0.4,60,1.79,0.7,1.09,0,0,1,0
1679600700,Mar 23 2023 - 7:45pm,Denmark,Finland,2.2,1.64,0.56,3,1,7,15,11,3,3.666666667,8,0.272727273,57,2.14,0.9,1.24,1.32,4.65,1,1
1679600700,Mar 23 2023 - 7:45pm,San Marino,Northern Ireland,0,0.9,-0.9,0,2,0,3,2,5,0.4,-3,0,25,0.73,1.57,-0.84,55,12.5,0,0
1679600700,Mar 23 2023 - 7:45pm,Portugal,Liechtenstein,3,0,3,4,0,12,25,12,2,6,10,0.333333333,80,3.45,0.37,3.08,0,60,1,1
1679600700,Mar 23 2023 - 7:45pm,Slovakia,Luxembourg,2.2,1.55,0.65,0,0,9,12,4,3,1.333333333,1,0,53,1.46,0.89,0.57,1.52,0,0,1
1679600700,Mar 23 2023 - 7:45pm,Bosnia-Herzegovina,Iceland,0.82,1.08,-0.26,3,0,5,11,8,4,2,4,0.375,37,1.41,1.11,0.3,1.82,0,1,1
1679677200,Mar 24 2023 - 5:00pm,Bulgaria,Montenegro,0.5,1.38,-0.88,0,1,3,7,4,7,0.571428571,-3,0,64,0.99,1.55,-0.56,2.87,3.2,0,0
1679687100,Mar 24 2023 - 7:45pm,France,Netherlands,2.75,2.25,0.5,4,0,3,12,9,6,1.5,3,0.444444444,41,1.69,1.33,0.36,1.85,0,1,1
1679687100,Mar 24 2023 - 7:45pm,Gibraltar,Greece,0,1.7,-1.7,0,3,0,2,2,8,0.25,-6,0,27,0.35,2.78,-2.43,26,10,0,0
1679687100,Mar 24 2023 - 7:45pm,Czech Republic,Poland,1.88,1.5,0.38,3,1,3,9,7,5,1.4,2,0.428571429,36,1.36,1.18,0.18,2.31,3.3,1,1
1679687100,Mar 24 2023 - 7:45pm,Moldova,Faroe Islands,1.25,0.25,1,1,1,7,7,4,3,1.333333333,1,0.25,60,1.12,0.8,0.32,2.56,3,0,0
1679687100,Mar 24 2023 - 7:45pm,Sweden,Belgium,1.25,2.5,-1.25,0,3,5,7,5,6,0.833333333,-1,0,44,1.1,1.21,-0.11,3.4,0,0,0
1679687100,Mar 24 2023 - 7:45pm,Austria,Azerbaijan,2.38,0.88,1.5,4,1,8,24,13,4,3.25,9,0.307692308,52,2.91,0.77,2.14,1.23,6,1,1
1679687100,Mar 24 2023 - 7:45pm,Serbia,Lithuania,1.75,0.75,1,2,0,3,11,5,4,1.25,1,0.4,58,1.4,0.83,0.57,1.09,10,1,1
1679752800,Mar 25 2023 - 2:00pm,Scotland,Cyprus,2.13,0,2.13,3,0,8,9,7,3,2.333333333,4,0.428571429,61,1.55,0.69,0.86,1.25,5.85,1,1
1679763600,Mar 25 2023 - 5:00pm,Armenia,Turkey,1,2.13,-1.13,1,2,4,8,5,5,1,0,0.2,41,1.21,1.3,-0.09,0,4.5,0,0
1679763600,Mar 25 2023 - 5:00pm,Belarus,Switzerland,1.2,1.7,-0.5,0,5,1,7,2,7,0.285714286,-5,0,29,0.81,1.78,-0.97,13.25,6.4,0,0
1679763600,Mar 25 2023 - 5:00pm,Israel,Kosovo,1.36,1.1,0.26,1,1,4,14,4,4,1,0,0.25,54,1.62,0.93,0.69,1.85,3.4,0,0
1679773500,Mar 25 2023 - 7:45pm,Spain,Norway,2.63,1.38,1.25,3,0,4,11,8,3,2.666666667,5,0.375,63,1.72,0.87,0.85,1.31,4.7,1,1
1679773500,Mar 25 2023 - 7:45pm,Croatia,Wales,2,1.6,0.4,1,1,7,16,9,2,4.5,7,0.111111111,67,2.08,0.66,1.42,1.52,0,0,1
1679773500,Mar 25 2023 - 7:45pm,Andorra,Romania,0.2,2.2,-2,0,2,2,3,2,5,0.4,-3,0,29,0.53,1.3,-0.77,19,6,0,0
1679835600,Mar 26 2023 - 1:00pm,Kazakhstan,Denmark,1.64,2.2,-0.56,3,2,5,15,9,8,1.125,1,0.333333333,39,1.78,1.74,0.04,9.15,5.19,1,1
1679846400,Mar 26 2023 - 4:00pm,England,Ukraine,2.5,2,0.5,2,0,7,15,9,0,9,9,0.222222222,58,2.02,0.27,1.75,1.29,4.73,1,1
1679846400,Mar 26 2023 - 4:00pm,Slovenia,San Marino,2.2,0,2.2,2,0,9,19,6,0,6,6,0.333333333,76,2.23,0.23,2,1.01,10.74,1,1
1679846400,Mar 26 2023 - 4:00pm,Liechtenstein,Iceland,0,1.08,-1.08,0,7,1,2,2,16,0.125,-14,0,22,0.31,3.4,-3.09,16.57,6.45,0,0
1679856300,Mar 26 2023 - 6:45pm,Malta,Italy,0,1.75,-1.75,0,2,3,5,3,7,0.428571429,-4,0,31,0.7,1.92,-1.22,16.61,7.34,0,0
1679856300,Mar 26 2023 - 6:45pm,Northern Ireland,Finland,0.9,1.64,-0.74,0,1,5,7,2,3,0.666666667,-1,0,43,1.16,0.9,0.26,2.54,3.11,0,0
1679856300,Mar 26 2023 - 6:45pm,Slovakia,Bosnia-Herzegovina,2.2,0.82,1.38,2,0,6,11,5,2,2.5,3,0.4,46,1.41,0.73,0.68,2.26,3.08,1,1
1679856300,Mar 26 2023 - 6:45pm,Luxembourg,Portugal,1.55,3,-1.45,0,6,4,4,2,9,0.222222222,-7,0,38,0.54,1.78,-1.24,14.05,6.79,0,0
1679942700,Mar 27 2023 - 6:45pm,Netherlands,Gibraltar,2.25,0,2.25,3,0,19,35,13,0,13,13,0.230769231,81,4.57,0.03,4.54,1,17,1,1
1679942700,Mar 27 2023 - 6:45pm,Republic of Ireland,France,0.75,2.75,-2,0,1,8,6,3,6,0.5,-3,0,41,0.88,1.44,-0.56,6.4,4.1,0,0
1679942700,Mar 27 2023 - 6:45pm,Poland,Albania,1.5,1.88,-0.38,1,0,6,11,6,4,1.5,2,0.166666667,53,1.46,1.03,0.43,0,4,1,1
1679942700,Mar 27 2023 - 6:45pm,Moldova,Czech Republic,1.25,1.88,-0.63,0,0,2,3,3,4,0.75,-1,0,38,0.61,1.71,-1.1,13,4.5,0,0
1679942700,Mar 27 2023 - 6:45pm,Sweden,Azerbaijan,1.25,0.88,0.37,5,0,5,12,7,2,3.5,5,0.714285714,46,1.64,0.7,0.94,1.13,7.8,1,1
1679942700,Mar 27 2023 - 6:45pm,Austria,Estonia,2.38,0.11,2.27,2,1,3,18,9,4,2.25,5,0.222222222,62,2.1,0.88,1.22,1.2,0,1,1
1679942700,Mar 27 2023 - 6:45pm,Hungary,Bulgaria,2.25,0.5,1.75,3,0,5,13,10,3,3.333333333,7,0.3,55,1.86,0.87,0.99,1.64,3.32,1,1
1679942700,Mar 27 2023 - 6:45pm,Montenegro,Serbia,1.38,1.75,-0.37,0,2,4,9,3,3,1,0,0,42,1.04,0.98,0.06,4.5,3.5,0,0
1680019200,Mar 28 2023 - 4:00pm,Georgia,Norway,1.2,1.38,-0.18,1,1,3,9,4,7,0.571428571,-3,0.25,34,1.17,1.8,-0.63,3.3,3.4,0,0
1680029100,Mar 28 2023 - 6:45pm,Scotland,Spain,2.13,2.63,-0.5,2,0,3,9,4,4,1,0,0.5,25,1.01,1.4,-0.39,6,3.85,1,1
1680029100,Mar 28 2023 - 6:45pm,Turkey,Croatia,2.13,2,0.13,0,2,9,15,6,6,1,0,0,46,1.96,1.17,0.79,0,3.35,0,1
1680029100,Mar 28 2023 - 6:45pm,Wales,Latvia,1.6,0.38,1.22,1,0,3,12,6,4,1.5,2,0.166666667,72,1.64,0.94,0.7,1.14,7,1,1
1680029100,Mar 28 2023 - 6:45pm,Switzerland,Israel,1.7,1.36,0.34,3,0,3,15,10,2,5,8,0.3,69,1.97,0.67,1.3,1.48,3.78,1,1
1680029100,Mar 28 2023 - 6:45pm,Romania,Belarus,2.2,1.2,1,2,1,9,13,4,5,0.8,-1,0.5,51,1.62,1.28,0.34,1.48,3.57,1,1
1680029100,Mar 28 2023 - 6:45pm,Kosovo,Andorra,1.1,0.2,0.9,1,1,7,11,6,3,2,3,0.166666667,77,1.8,0.54,1.26,1.26,4.62,0,1
1686931200,Jun 16 2023 - 4:00pm,Finland,Slovenia,1.64,2.2,-0.56,2,0,2,9,4,3,1.333333333,1,0.5,41,1.2,1.2,0,2.38,3.2,1,0
1686941100,Jun 16 2023 - 6:45pm,Malta,England,0,2.5,-2.5,0,4,0,0,0,9,0,-9,0,34,0.03,1.89,-1.86,69,15,0,0
1686941100,Jun 16 2023 - 6:45pm,FYR Macedonia,Ukraine,1,2,-1,2,3,7,8,6,4,1.5,2,0.333333333,50,1.21,0.92,0.29,3.5,3.42,0,0
1686941100,Jun 16 2023 - 6:45pm,Greece,Republic of Ireland,1.7,0.75,0.95,2,1,10,13,7,4,1.75,3,0.285714286,49,1.72,1,0.72,2.36,3.27,1,1
1686941100,Jun 16 2023 - 6:45pm,Gibraltar,France,0,2.75,-2.75,0,3,2,3,0,10,0,-10,0,18,0.25,3.35,-3.1,58.9,10.58,0,0
1686941100,Jun 16 2023 - 6:45pm,Wales,Armenia,1.6,1,0.6,2,4,2,15,6,5,1.2,1,0.333333333,57,1.85,1.35,0.5,1.49,4.55,0,1
1686941100,Jun 16 2023 - 6:45pm,Latvia,Turkey,0.38,2.13,-1.75,2,3,3,13,9,8,1.125,1,0.222222222,30,1.8,2.04,-0.24,9.5,4.8,0,1
1686941100,Jun 16 2023 - 6:45pm,Denmark,Northern Ireland,2.2,0.9,1.3,1,0,10,13,6,6,1,0,0.166666667,68,1.88,1.03,0.85,1.28,5.7,1,1
1686941100,Jun 16 2023 - 6:45pm,San Marino,Kazakhstan,0,1.64,-1.64,0,3,2,6,3,8,0.375,-5,0,33,0.84,1.95,-1.11,22,7.8,0,0
1686941100,Jun 16 2023 - 6:45pm,Andorra,Switzerland,0.2,1.7,-1.5,1,2,0,5,3,9,0.333333333,-6,0.333333333,15,0.6,2,-1.4,49,12.25,0,0
1686941100,Jun 16 2023 - 6:45pm,Belarus,Israel,1.2,1.36,-0.16,1,2,3,8,2,9,0.222222222,-7,0.5,33,0.92,2.64,-1.72,5.5,4,0,0
1686941100,Jun 16 2023 - 6:45pm,Kosovo,Romania,1.1,2.2,-1.1,0,0,3,9,5,4,1.25,1,0,60,1.46,1.44,0.02,2.67,3.3,0,0
1687006800,Jun 17 2023 - 1:00pm,Lithuania,Bulgaria,0.75,0.5,0.25,1,1,3,4,2,10,0.2,-8,0.5,32,0.55,2.43,-1.88,3.33,3.28,0,0
1687006800,Jun 17 2023 - 1:00pm,Luxembourg,Liechtenstein,1.55,0,1.55,2,0,9,20,11,2,5.5,9,0.181818182,74,2.54,0.71,1.83,1.11,9.3,1,1
1687017600,Jun 17 2023 - 4:00pm,Norway,Scotland,1.38,2.13,-0.75,1,2,2,7,4,4,1,0,0.25,59,0.95,0.8,0.15,2.1,3.45,0,0
1687017600,Jun 17 2023 - 4:00pm,Azerbaijan,Estonia,0.88,0.11,0.77,1,1,2,10,4,7,0.571428571,-3,0.25,62,1.27,1.68,-0.41,2.03,3.42,0,0
1687017600,Jun 17 2023 - 4:00pm,Montenegro,Hungary,1.38,2.25,-0.87,0,0,4,13,4,2,2,2,0,28,1.42,0.94,0.48,3.43,3.35,0,0
1687027500,Jun 17 2023 - 6:45pm,Cyprus,Georgia,0,1.2,-1.2,1,2,6,10,6,6,1,0,0.166666667,45,1.28,1.8,-0.52,4,3.2,0,0
1687027500,Jun 17 2023 - 6:45pm,Albania,Moldova,1.88,1.25,0.63,2,0,5,10,6,2,3,4,0.333333333,72,1.37,0.7,0.67,1.4,4.33,1,1
1687027500,Jun 17 2023 - 6:45pm,Faroe Islands,Czech Republic,0.25,1.88,-1.63,0,3,0,0,0,6,0,-6,0,40,0.13,1.72,-1.59,11,5.85,0,0
1687027500,Jun 17 2023 - 6:45pm,Belgium,Austria,2.5,2.38,0.12,1,1,11,9,3,4,0.75,-1,0.333333333,56,1.12,0.98,0.14,1.54,4.35,0,1
1687027500,Jun 17 2023 - 6:45pm,Iceland,Slovakia,1.08,2.2,-1.12,1,2,2,9,4,5,0.8,-1,0.25,48,1.21,1.4,-0.19,2.69,3.3,0,0
1687027500,Jun 17 2023 - 6:45pm,Portugal,Bosnia-Herzegovina,3,0.82,2.18,3,0,5,9,6,4,1.5,2,0.5,62,1.47,0.94,0.53,1.21,6.75,1,1
1687190400,Jun 19 2023 - 4:00pm,Armenia,Latvia,1,0.38,0.62,2,1,4,14,7,2,3.5,5,0.285714286,67,1.92,0.65,1.27,1.95,3.4,1,1
1687190400,Jun 19 2023 - 4:00pm,Finland,San Marino,1.64,0,1.64,6,0,6,22,12,2,6,10,0.5,79,2.98,0.39,2.59,1.01,10.59,1,1
1687190400,Jun 19 2023 - 4:00pm,Ukraine,Malta,2,0,2,1,0,5,16,9,3,3,6,0.111111111,64,2.13,0.67,1.46,1.07,14,1,1
1687200300,Jun 19 2023 - 6:45pm,England,FYR Macedonia,2.5,1,1.5,7,0,7,14,11,0,11,11,0.636363636,67,2.06,0.05,2.01,1.19,7.1,1,1
1687200300,Jun 19 2023 - 6:45pm,Republic of Ireland,Gibraltar,0.75,0,0.75,3,0,14,23,14,2,7,12,0.214285714,79,3.6,0.34,3.26,1.02,26,1,1
1687200300,Jun 19 2023 - 6:45pm,France,Greece,2.75,1.7,1.05,1,0,4,13,6,3,2,3,0.166666667,62,1.83,0.66,1.17,1.26,6,1,1
1687200300,Jun 19 2023 - 6:45pm,Turkey,Wales,2.13,1.6,0.53,2,0,3,11,6,2,3,4,0.333333333,77,1.68,0.5,1.18,2.15,3.1,1,1
1687200300,Jun 19 2023 - 6:45pm,Northern Ireland,Kazakhstan,0.9,1.64,-0.74,0,1,8,9,2,3,0.666666667,-1,0,59,1.3,0.88,0.42,1.7,3.4,0,0
1687200300,Jun 19 2023 - 6:45pm,Slovenia,Denmark,2.2,2.2,0,1,1,2,7,3,3,1,0,0.333333333,37,0.93,1.3,-0.37,3.9,3.5,0,1
1687200300,Jun 19 2023 - 6:45pm,Switzerland,Romania,1.7,2.2,-0.5,2,2,5,14,7,4,1.75,3,0.285714286,72,2.03,0.77,1.26,1.48,4.25,0,1
1687200300,Jun 19 2023 - 6:45pm,Israel,Andorra,1.36,0.2,1.16,2,1,3,8,7,4,1.75,3,0.285714286,80,1.45,0.74,0.71,1.1,7.25,1,1
1687200300,Jun 19 2023 - 6:45pm,Belarus,Kosovo,1.2,1.1,0.1,2,1,5,9,5,7,0.714285714,-2,0.4,41,1.21,1.79,-0.58,5,3.6,1,0
1687286700,Jun 20 2023 - 6:45pm,Scotland,Georgia,2.13,1.2,0.93,2,0,8,11,4,0,4,4,0.5,51,1.45,0.84,0.61,1.53,3.7,1,1
1687286700,Jun 20 2023 - 6:45pm,Norway,Cyprus,1.38,0,1.38,3,1,8,13,8,4,2,4,0.375,66,2.03,0.89,1.14,1.16,7.3,1,1
1687286700,Jun 20 2023 - 6:45pm,Moldova,Poland,1.25,1.5,-0.25,3,2,2,8,5,6,0.833333333,-1,0.6,27,1.05,1.93,-0.88,16.5,6.5,1,0
1687286700,Jun 20 2023 - 6:45pm,Faroe Islands,Albania,0.25,1.88,-1.63,1,3,5,6,3,7,0.428571429,-4,0.333333333,51,0.96,1.91,-0.95,4.9,3.7,0,0
1687286700,Jun 20 2023 - 6:45pm,Austria,Sweden,2.38,1.25,1.13,2,0,6,22,15,4,3.75,11,0.133333333,63,2.77,0.85,1.92,2.18,3.2,1,1
1687286700,Jun 20 2023 - 6:45pm,Estonia,Belgium,0.11,2.5,-2.39,0,3,4,8,2,6,0.333333333,-4,0,33,0.89,1.48,-0.59,18,6.8,0,0
1687286700,Jun 20 2023 - 6:45pm,Hungary,Lithuania,2.25,0.75,1.5,2,0,6,25,12,3,4,9,0.166666667,72,2.84,0.72,2.12,1.18,7,1,1
1687286700,Jun 20 2023 - 6:45pm,Bulgaria,Serbia,0.5,1.75,-1.25,1,1,0,8,3,3,1,0,0.333333333,31,0.91,1.43,-0.52,6.3,4.15,0,0
1687286700,Jun 20 2023 - 6:45pm,Iceland,Portugal,1.08,3,-1.92,0,1,3,7,2,4,0.5,-2,0,29,0.78,1.31,-0.53,7.8,4.65,0,0
1687286700,Jun 20 2023 - 6:45pm,Bosnia-Herzegovina,Luxembourg,0.82,1.55,-0.73,0,2,3,8,4,4,1,0,0,67,1.16,0.83,0.33,1.68,3.95,0,0
1687286700,Jun 20 2023 - 6:45pm,Liechtenstein,Slovakia,0,2.2,-2.2,0,1,3,6,5,5,1,0,0,24,0.95,1.69,-0.74,65,15,0,0
1694095200,Sep 07 2023 - 2:00pm,Kazakhstan,Finland,1.64,1.64,0,0,1,4,5,4,5,0.8,-1,0,42,0.78,1.3,-0.52,3.45,3.25,0,0
1694102400,Sep 07 2023 - 4:00pm,Lithuania,Montenegro,0.75,1.38,-0.63,2,2,2,12,5,7,0.714285714,-2,0.4,51,1.42,1.53,-0.11,4.33,3.25,0,0
1694112300,Sep 07 2023 - 6:45pm,France,Republic of Ireland,2.75,0.75,2,2,0,6,16,6,3,2,3,0.333333333,68,2.11,0.75,1.36,1.28,5.7,1,1
1694112300,Sep 07 2023 - 6:45pm,Netherlands,Greece,2.25,1.7,0.55,3,0,5,12,7,2,3.5,5,0.428571429,53,1.54,0.87,0.67,1.45,4.5,1,1
1694112300,Sep 07 2023 - 6:45pm,Poland,Faroe Islands,1.5,0.25,1.25,2,0,6,14,8,2,4,6,0.25,72,1.97,0.39,1.58,1.12,8.3,1,1
1694112300,Sep 07 2023 - 6:45pm,Czech Republic,Albania,1.88,1.88,0,1,1,4,11,5,2,2.5,3,0.2,57,1.44,0.43,1.01,1.55,3.95,0,1
1694112300,Sep 07 2023 - 6:45pm,Serbia,Hungary,1.75,2.25,-0.5,1,2,5,14,4,4,1,0,0.25,54,1.61,0.94,0.67,1.7,3.3,0,0
1694112300,Sep 07 2023 - 6:45pm,Denmark,San Marino,2.2,0,2.2,4,0,19,21,7,0,7,7,0.571428571,85,2.89,0.17,2.72,1.01,78,1,1
1694112300,Sep 07 2023 - 6:45pm,Slovenia,Northern Ireland,2.2,0.9,1.3,4,2,3,8,6,8,0.75,-2,0.666666667,48,1.2,1.71,-0.51,1.85,3.3,1,1
1694188800,Sep 08 2023 - 4:00pm,Georgia,Spain,1.2,2.63,-1.43,1,7,2,6,3,13,0.230769231,-10,0.333333333,28,0.75,2.87,-2.12,11,5,0,0
1694198700,Sep 08 2023 - 6:45pm,Cyprus,Scotland,0,2.13,-2.13,0,3,0,5,4,5,0.8,-1,0,43,0.8,1.28,-0.48,11,5.3,0,0
1694198700,Sep 08 2023 - 6:45pm,Croatia,Latvia,2,0.38,1.62,5,0,7,24,15,4,3.75,11,0.333333333,75,3.22,0.9,2.32,1.1,10,1,1
1694198700,Sep 08 2023 - 6:45pm,Turkey,Armenia,2.13,1,1.13,1,1,9,17,9,6,1.5,3,0.111111111,66,2.23,1.29,0.94,1.25,5.75,0,1
1694198700,Sep 08 2023 - 6:45pm,Slovakia,Portugal,2.2,3,-0.8,0,1,3,7,3,8,0.375,-5,0,44,0.9,1.65,-0.75,8,4.33,0,0
1694198700,Sep 08 2023 - 6:45pm,Bosnia-Herzegovina,Liechtenstein,0.82,0,0.82,2,1,11,9,5,4,1.25,1,0.4,76,1.3,0.76,0.54,1.04,17,1,0
1694198700,Sep 08 2023 - 6:45pm,Luxembourg,Iceland,1.55,1.08,0.47,3,1,2,13,8,5,1.6,3,0.375,44,1.63,1.2,0.43,2.76,3.15,1,1
1694264400,Sep 09 2023 - 1:00pm,Azerbaijan,Belgium,0.88,2.5,-1.62,0,1,4,8,5,7,0.714285714,-2,0,46,1.13,1.82,-0.69,13,6.5,0,0
1694275200,Sep 09 2023 - 4:00pm,Ukraine,England,2,2.5,-0.5,1,1,2,3,2,5,0.4,-3,0.5,32,0.43,1.47,-1.04,7.3,4.47,0,0
1694275200,Sep 09 2023 - 4:00pm,Andorra,Belarus,0.2,1.2,-1,0,0,1,4,2,4,0.5,-2,0,27,0.57,1.46,-0.89,4.82,3.23,0,0
1694275200,Sep 09 2023 - 4:00pm,Estonia,Sweden,0.11,1.25,-1.14,0,5,1,4,0,11,0,-11,0,33,0.47,2.3,-1.83,8.47,4.97,0,0
1694285100,Sep 09 2023 - 6:45pm,FYR Macedonia,Italy,1,1.75,-0.75,1,1,5,7,4,4,1,0,0.25,27,0.9,1.19,-0.29,9.35,5.1,0,0
1694285100,Sep 09 2023 - 6:45pm,Romania,Israel,2.2,1.36,0.84,1,1,3,8,4,6,0.666666667,-2,0.25,38,1.13,1.5,-0.37,2,3.42,0,1
1694285100,Sep 09 2023 - 6:45pm,Kosovo,Switzerland,1.1,1.7,-0.6,2,2,3,11,6,6,1,0,0.333333333,34,1.5,1.64,-0.14,5.4,3.83,0,0
1694350800,Sep 10 2023 - 1:00pm,Kazakhstan,Northern Ireland,1.64,0.9,0.74,1,0,3,9,5,5,1,0,0.2,42,1.18,1.47,-0.29,2.7,3.1,1,1
1694361600,Sep 10 2023 - 4:00pm,Faroe Islands,Moldova,0.25,1.25,-1,0,1,8,7,0,4,0,-4,0,68,0.9,1.13,-0.23,2.95,3.1,0,0
1694361600,Sep 10 2023 - 4:00pm,Montenegro,Bulgaria,1.38,0.5,0.88,2,1,3,9,6,8,0.75,-2,0.333333333,48,1.33,1.85,-0.52,2.05,3.3,1,1
1694361600,Sep 10 2023 - 4:00pm,Finland,Denmark,1.64,2.2,-0.56,0,1,1,3,0,7,0,-7,0,31,0.38,1.83,-1.45,5,3.7,0,0
1694371500,Sep 10 2023 - 6:45pm,Republic of Ireland,Netherlands,0.75,2.25,-1.5,1,2,6,5,2,6,0.333333333,-4,0.5,52,0.8,1.27,-0.47,1.5,3,0,0
1694371500,Sep 10 2023 - 6:45pm,Greece,Gibraltar,1.7,0,1.7,5,0,16,18,13,0,13,13,0.384615385,78,2.79,0.04,2.75,1.03,21,1,1
1694371500,Sep 10 2023 - 6:45pm,Albania,Poland,1.88,1.5,0.38,2,0,1,8,4,3,1.333333333,1,0.5,42,0.94,1.16,-0.22,3.4,3.3,1,1
1694371500,Sep 10 2023 - 6:45pm,Lithuania,Serbia,0.75,1.75,-1,1,3,1,7,4,6,0.666666667,-2,0.25,39,0.87,1.6,-0.73,9.5,5.75,0,0
1694371500,Sep 10 2023 - 6:45pm,San Marino,Slovenia,0,2.2,-2.2,0,4,0,3,2,10,0.2,-8,0,23,0.35,2.39,-2.04,61,15,0,0
1694448000,Sep 11 2023 - 4:00pm,Armenia,Croatia,1,2,-1,0,1,4,5,3,9,0.333333333,-6,0,32,0.75,2.28,-1.53,8.5,4.8,0,0
1694457900,Sep 11 2023 - 6:45pm,Latvia,Wales,0.38,1.6,-1.22,0,2,2,9,3,10,0.3,-7,0,42,0.97,2.41,-1.44,8.25,4.8,0,0
1694457900,Sep 11 2023 - 6:45pm,Iceland,Bosnia-Herzegovina,1.08,0.82,0.26,1,0,4,5,3,5,0.6,-2,0.333333333,41,0.76,1.59,-0.83,2.75,3,1,0
1694457900,Sep 11 2023 - 6:45pm,Portugal,Luxembourg,3,1.55,1.45,9,0,5,20,11,2,5.5,9,0.818181818,67,2.47,0.47,2,1.05,17,1,1
1694457900,Sep 11 2023 - 6:45pm,Slovakia,Liechtenstein,2.2,0,2.2,3,0,7,11,6,0,6,6,0.5,80,1.65,0.24,1.41,1.06,15,1,1
1694544300,Sep 12 2023 - 6:45pm,Norway,Georgia,1.38,1.2,0.18,2,1,6,13,5,3,1.666666667,2,0.4,63,1.95,0.71,1.24,1.3,5.2,1,0
1694544300,Sep 12 2023 - 6:45pm,Spain,Cyprus,2.63,0,2.63,6,0,14,23,13,2,6.5,11,0.461538462,81,3.27,0.34,2.93,1.02,16,1,1
1694544300,Sep 12 2023 - 6:45pm,Italy,Ukraine,1.75,2,-0.25,2,1,6,15,6,4,1.5,2,0.333333333,64,2.05,1.07,0.98,1.42,4.4,1,1
1694544300,Sep 12 2023 - 6:45pm,Malta,FYR Macedonia,0,1,-1,0,2,3,7,3,6,0.5,-3,0,53,1,1.06,-0.06,6.5,3.3,0,0
1694544300,Sep 12 2023 - 6:45pm,Belgium,Estonia,2.5,0.11,2.39,5,0,9,19,12,0,12,12,0.416666667,76,2.68,0.22,2.46,1.07,10.5,1,1
1694544300,Sep 12 2023 - 6:45pm,Sweden,Austria,1.25,2.38,-1.13,1,3,6,11,5,7,0.714285714,-2,0.2,47,1.56,1.36,0.2,2.45,2.95,0,0
1694544300,Sep 12 2023 - 6:45pm,Switzerland,Andorra,1.7,0.2,1.5,3,0,8,20,4,0,4,4,0.75,85,2.2,0.08,2.12,1.03,13,1,0
1694544300,Sep 12 2023 - 6:45pm,Israel,Belarus,1.36,1.2,0.16,1,0,5,17,8,6,1.333333333,2,0.125,68,2.36,1.17,1.19,1.4,4.7,1,1
1694544300,Sep 12 2023 - 6:45pm,Romania,Kosovo,2.2,1.1,1.1,2,0,5,16,9,5,1.8,4,0.222222222,72,2.07,1.01,1.06,1.77,3.4,1,1
1697126400,Oct 12 2023 - 4:00pm,Latvia,Armenia,0.38,1,-0.62,2,0,5,11,9,3,3,6,0.222222222,36,1.63,1.38,0.25,4.08,3.37,1,1
1697136300,Oct 12 2023 - 6:45pm,Spain,Scotland,2.63,2.13,0.5,2,0,7,14,6,2,3,4,0.333333333,74,1.75,0.57,1.18,1.3,5.5,1,1
1697136300,Oct 12 2023 - 6:45pm,Cyprus,Norway,0,1.38,-1.38,0,4,1,3,0,10,0,-10,0,27,0.28,2.52,-2.24,12,5.75,0,0
1697136300,Oct 12 2023 - 6:45pm,Croatia,Turkey,2,2.13,-0.13,0,1,5,12,7,7,1,0,0,63,1.79,1.51,0.28,1.67,3.6,0,1
1697136300,Oct 12 2023 - 6:45pm,Albania,Czech Republic,1.88,1.88,0,3,0,1,10,6,8,0.75,-2,0.5,36,1.16,1.8,-0.64,3.25,3.23,1,1
1697136300,Oct 12 2023 - 6:45pm,Faroe Islands,Poland,0.25,1.5,-1.25,0,2,4,3,0,5,0,-5,0,34,0.41,1.23,-0.82,8.25,4.83,0,0
1697136300,Oct 12 2023 - 6:45pm,Andorra,Kosovo,0.2,1.1,-0.9,0,3,3,5,4,8,0.5,-4,0,35,0.81,1.69,-0.88,8,4.33,0,0
1697136300,Oct 12 2023 - 6:45pm,Belarus,Romania,1.2,2.2,-1,0,0,4,8,3,6,0.5,-3,0,32,0.86,2.02,-1.16,5.9,3.83,0,0
1697212800,Oct 13 2023 - 4:00pm,Estonia,Azerbaijan,0.11,0.88,-0.77,0,2,5,12,6,5,1.2,1,0,49,1.44,1.03,0.41,2.2,3.1,0,0
1697222700,Oct 13 2023 - 6:45pm,Netherlands,France,2.25,2.75,-0.5,1,2,2,9,5,8,0.625,-3,0.2,45,1.19,1.62,-0.43,3.18,3.45,0,1
1697222700,Oct 13 2023 - 6:45pm,Republic of Ireland,Greece,0.75,1.7,-0.95,0,2,7,16,6,6,1,0,0,58,1.9,1.3,0.6,2.4,3.1,0,0
1697222700,Oct 13 2023 - 6:45pm,Austria,Belgium,2.38,2.5,-0.12,2,3,6,15,6,6,1,0,0.333333333,58,1.81,1.14,0.67,2.75,3.25,0,1
1697222700,Oct 13 2023 - 6:45pm,Iceland,Luxembourg,1.08,1.55,-0.47,1,1,7,11,4,2,2,2,0.25,58,1.46,0.83,0.63,1.8,3.5,0,0
1697222700,Oct 13 2023 - 6:45pm,Portugal,Slovakia,3,2.2,0.8,3,2,11,23,13,4,3.25,9,0.230769231,58,2.77,1.2,1.57,1.26,5.9,1,1
1697222700,Oct 13 2023 - 6:45pm,Liechtenstein,Bosnia-Herzegovina,0,0.82,-0.82,0,2,0,4,2,14,0.142857143,-12,0,26,0.48,3.07,-2.59,29.5,11,0,0
1697288400,Oct 14 2023 - 1:00pm,Ukraine,FYR Macedonia,2,1,1,2,0,11,16,8,6,1.333333333,2,0.25,46,1.84,1.47,0.37,1.64,3.88,1,1
1697288400,Oct 14 2023 - 1:00pm,Northern Ireland,San Marino,0.9,0,0.9,3,0,5,15,8,0,8,8,0.375,76,2.09,0.28,1.81,1.02,29,1,1
1697299200,Oct 14 2023 - 4:00pm,Bulgaria,Lithuania,0.5,0.75,-0.25,0,2,4,11,5,5,1,0,0,43,1.41,1.22,0.19,1.55,3.95,0,0
1697299200,Oct 14 2023 - 4:00pm,Slovenia,Finland,2.2,1.64,0.56,3,0,4,12,6,4,1.5,2,0.5,42,1.51,0.93,0.58,1.82,3.45,1,1
1697309100,Oct 14 2023 - 6:45pm,Italy,Malta,1.75,0,1.75,4,0,12,14,5,0,5,5,0.8,67,1.81,0.09,1.72,1.03,17,1,1
1697309100,Oct 14 2023 - 6:45pm,Hungary,Serbia,2.25,1.75,0.5,2,1,3,7,5,7,0.714285714,-2,0.4,36,0.99,1.85,-0.86,2.69,3.26,1,1
1697309100,Oct 14 2023 - 6:45pm,Denmark,Kazakhstan,2.2,1.64,0.56,3,1,5,13,5,2,2.5,3,0.6,64,1.45,0.57,0.88,1.14,8.57,1,1
1697374800,Oct 15 2023 - 1:00pm,Georgia,Cyprus,1.2,0,1.2,4,0,2,11,7,6,1.166666667,1,0.571428571,60,1.47,1.26,0.21,1.43,4.39,1,1
1697385600,Oct 15 2023 - 4:00pm,Czech Republic,Faroe Islands,1.88,0.25,1.63,1,0,10,24,8,2,4,6,0.125,70,2.76,0.6,2.16,1.08,9.5,1,1
1697385600,Oct 15 2023 - 4:00pm,Switzerland,Belarus,1.7,1.2,0.5,3,3,9,22,8,4,2,4,0.375,78,2.6,0.79,1.81,1.08,9.8,0,1
1697395500,Oct 15 2023 - 6:45pm,Norway,Spain,1.38,2.63,-1.25,0,1,3,5,3,3,1,0,0,33,0.72,1.24,-0.52,4.4,3.6,0,0
1697395500,Oct 15 2023 - 6:45pm,Turkey,Latvia,2.13,0.38,1.75,4,0,9,19,9,3,3,6,0.444444444,68,2.21,0.87,1.34,1.12,8.3,1,1
1697395500,Oct 15 2023 - 6:45pm,Wales,Croatia,1.6,2,-0.4,2,1,5,9,6,4,1.5,2,0.333333333,28,1.22,1.19,0.03,3.7,3.45,1,1
1697395500,Oct 15 2023 - 6:45pm,Poland,Moldova,1.5,1.25,0.25,1,1,8,15,8,2,4,6,0.125,72,2.05,0.65,1.4,1.19,7,0,1
1697395500,Oct 15 2023 - 6:45pm,Romania,Andorra,2.2,0.2,2,4,0,5,16,10,0,10,10,0.4,79,2.21,0.31,1.9,1.15,8.25,1,1
1697472000,Oct 16 2023 - 4:00pm,Azerbaijan,Austria,0.88,2.38,-1.5,0,1,4,5,0,4,0,-4,0,54,0.63,1.27,-0.64,8.38,4.99,0,0
1697481900,Oct 16 2023 - 6:45pm,Gibraltar,Republic of Ireland,0,0.75,-0.75,0,4,1,5,0,13,0,-13,0,25,0.36,3.17,-2.81,34,14.5,0,0
1697481900,Oct 16 2023 - 6:45pm,Greece,Netherlands,1.7,2.25,-0.55,0,1,2,8,3,7,0.428571429,-4,0,40,1.05,1.52,-0.47,4.1,3.75,0,0
1697481900,Oct 16 2023 - 6:45pm,Belgium,Sweden,2.5,1.25,1.25,1,1,2,8,4,7,0.571428571,-3,0.25,50,0,0,0,1.61,4,0,1
1697481900,Oct 16 2023 - 6:45pm,Iceland,Liechtenstein,1.08,0,1.08,4,0,6,14,10,3,3.333333333,7,0.4,71,2.06,0.69,1.37,1.06,16,1,1
1697481900,Oct 16 2023 - 6:45pm,Bosnia-Herzegovina,Portugal,0.82,3,-2.18,0,5,4,3,0,7,0,-7,0,32,0.41,1.53,-1.12,6,4.5,0,0
1697481900,Oct 16 2023 - 6:45pm,Luxembourg,Slovakia,1.55,2.2,-0.65,0,1,5,12,4,3,1.333333333,1,0,53,1.27,0.94,0.33,2.75,3.4,0,0
1697558400,Oct 17 2023 - 4:00pm,Finland,Kazakhstan,1.64,1.64,0,1,2,8,14,5,5,1,0,0.2,58,1.52,1.17,0.35,1.5,4,0,1
1697568300,Oct 17 2023 - 6:45pm,England,Italy,2.5,1.75,0.75,3,1,2,10,7,5,1.4,2,0.428571429,51,1.37,1.19,0.18,1.67,3.5,1,1
1697568300,Oct 17 2023 - 6:45pm,Malta,Ukraine,0,2,-2,1,3,0,13,5,8,0.625,-3,0.2,34,1.38,1.83,-0.45,8.5,5,0,0
1697568300,Oct 17 2023 - 6:45pm,Serbia,Montenegro,1.75,1.38,0.37,3,1,6,16,8,4,2,4,0.375,59,2.07,1.07,1,1.4,4.8,1,1
1697568300,Oct 17 2023 - 6:45pm,Lithuania,Hungary,0.75,2.25,-1.5,2,2,1,8,5,9,0.555555556,-4,0.4,35,1.08,1.95,-0.87,10.5,6.25,0,0
1697568300,Oct 17 2023 - 6:45pm,Northern Ireland,Slovenia,0.9,2.2,-1.3,0,1,6,5,3,5,0.6,-2,0,42,0.84,1.03,-0.19,2.87,3.4,0,0
1697568300,Oct 17 2023 - 6:45pm,San Marino,Denmark,0,2.2,-2.2,1,2,3,6,3,5,0.6,-2,0.333333333,18,0.65,1.46,-0.81,81,41,0,0
1699818300,Nov 12 2023 - 7:45pm,Kosovo,Israel,1.1,1.36,-0.26,1,0,3,11,8,3,2.666666667,5,0.125,34,1.63,1.11,0.52,2.4,3.4,1,1
1700077500,Nov 15 2023 - 7:45pm,Israel,Switzerland,1.36,1.7,-0.34,1,1,9,8,3,9,0.333333333,-6,0.333333333,51,1.02,1.97,-0.95,5,3.75,0,0
1700154000,Nov 16 2023 - 5:00pm,Georgia,Scotland,1.2,2.13,-0.93,2,2,4,8,7,6,1.166666667,1,0.285714286,36,1.14,1.67,-0.53,3.47,3.35,0,1
1700154000,Nov 16 2023 - 5:00pm,Estonia,Austria,0.11,2.38,-2.27,0,2,1,6,0,5,0,-5,0,31,0.55,1.57,-1.02,9.85,5.3,0,0
1700154000,Nov 16 2023 - 5:00pm,Azerbaijan,Sweden,0.88,1.25,-0.37,3,0,3,8,4,7,0.571428571,-3,0.75,36,1.07,2.01,-0.94,6.9,4.32,1,0
1700154000,Nov 16 2023 - 5:00pm,Cyprus,Spain,0,2.63,-2.63,1,3,0,4,4,6,0.666666667,-2,0.25,23,0.68,1.59,-0.91,28.5,12,0,0
1700154000,Nov 16 2023 - 5:00pm,Bulgaria,Hungary,0.5,2.25,-1.75,2,2,0,4,3,6,0.5,-3,0.666666667,41,0.58,1.86,-1.28,5.05,3.67,0,0
1700163900,Nov 16 2023 - 7:45pm,Montenegro,Lithuania,1.38,0.75,0.63,2,0,5,17,10,2,5,8,0.2,49,2.08,0.81,1.27,1.34,5,1,1
1700163900,Nov 16 2023 - 7:45pm,Slovakia,Iceland,2.2,1.08,1.12,4,2,12,14,9,3,3,6,0.444444444,57,1.86,0.66,1.2,1.75,3.6,1,1
1700163900,Nov 16 2023 - 7:45pm,Luxembourg,Bosnia-Herzegovina,1.55,0.82,0.73,4,1,4,8,6,4,1.5,2,0.666666667,54,1.18,1.02,0.16,3.1,3.4,1,1
1700163900,Nov 16 2023 - 7:45pm,Liechtenstein,Portugal,0,3,-3,0,2,0,6,2,11,0.181818182,-9,0,17,0.58,3.11,-2.53,34.05,11.03,0,0
1700233200,Nov 17 2023 - 3:00pm,Kazakhstan,San Marino,1.64,0,1.64,3,1,6,11,8,2,4,6,0.375,60,1.57,0.66,0.91,1.05,14.5,1,1
1700240400,Nov 17 2023 - 5:00pm,Finland,Northern Ireland,1.64,0.9,0.74,4,0,3,9,6,4,1.5,2,0.666666667,59,1.29,1.06,0.23,1.97,3.43,1,1
1700240400,Nov 17 2023 - 5:00pm,Moldova,Albania,1.25,1.88,-0.63,1,1,4,11,7,5,1.4,2,0.142857143,51,1.59,1.13,0.46,4.75,3.4,0,1
1700250300,Nov 17 2023 - 7:45pm,England,Malta,2.5,0,2.5,2,0,6,8,4,0,4,4,0.5,73,1.17,0.37,0.8,1.01,30.5,1,1
1700250300,Nov 17 2023 - 7:45pm,Italy,FYR Macedonia,1.75,1,0.75,5,2,7,16,12,3,4,9,0.416666667,65,2.22,0.57,1.65,1.18,7.15,1,1
1700250300,Nov 17 2023 - 7:45pm,Poland,Czech Republic,1.5,1.88,-0.38,1,1,3,10,6,4,1.5,2,0.166666667,59,1.45,1.42,0.03,2.56,3.18,0,1
1700250300,Nov 17 2023 - 7:45pm,Denmark,Slovenia,2.2,2.2,0,2,1,8,13,9,2,4.5,7,0.222222222,67,2.05,0.42,1.63,1.53,3.75,1,1
1700316000,Nov 18 2023 - 2:00pm,Armenia,Wales,1,1.6,-0.6,1,1,5,14,3,5,0.6,-2,0.333333333,53,1.35,1.35,0,3.95,3.45,0,0
1700326800,Nov 18 2023 - 5:00pm,Latvia,Croatia,0.38,2,-1.62,0,2,4,2,0,7,0,-7,0,35,0.33,1.72,-1.39,21,7.5,0,0
1700326800,Nov 18 2023 - 5:00pm,Belarus,Andorra,1.2,0.2,1,1,0,2,11,8,3,2.666666667,5,0.125,70,1.77,0.81,0.96,1.59,3.62,1,1
1700336700,Nov 18 2023 - 7:45pm,Netherlands,Republic of Ireland,2.25,0.75,1.5,1,0,5,11,6,2,3,4,0.166666667,52,1.6,0.66,0.94,1.17,6.5,1,1
1700336700,Nov 18 2023 - 7:45pm,France,Gibraltar,2.75,0,2.75,14,0,7,35,21,0,21,21,0.666666667,69,4.51,0.04,4.47,1,41,1,1
1700336700,Nov 18 2023 - 7:45pm,Switzerland,Kosovo,1.7,1.1,0.6,1,1,14,11,6,4,1.5,2,0.166666667,77,1.99,0.92,1.07,1.31,5.4,0,1
1700336700,Nov 18 2023 - 7:45pm,Israel,Romania,1.36,2.2,-0.84,1,2,6,16,6,9,0.666666667,-3,0.166666667,65,1.88,1.9,-0.02,2.79,3.27,0,1
1700402400,Nov 19 2023 - 2:00pm,Hungary,Montenegro,2.25,1.38,0.87,3,1,7,11,6,8,0.75,-2,0.5,59,1.61,1.36,0.25,1.5,3,1,1
1700402400,Nov 19 2023 - 2:00pm,Serbia,Bulgaria,1.75,0.5,1.25,2,2,11,15,9,3,3,6,0.222222222,58,2.12,0.63,1.49,1.5,3,0,1
1700413200,Nov 19 2023 - 5:00pm,Belgium,Azerbaijan,2.5,0.88,1.62,5,0,9,16,8,0,8,8,0.625,74,2.28,0.06,2.22,1.06,13,1,1
1700413200,Nov 19 2023 - 5:00pm,Sweden,Estonia,1.25,0.11,1.14,2,0,7,12,5,0,5,5,0.4,62,1.59,0.38,1.21,1.13,9,1,0
1700423100,Nov 19 2023 - 7:45pm,Spain,Georgia,2.63,1.2,1.43,3,1,9,17,10,2,5,8,0.3,69,2.79,0.73,2.06,1.13,9,1,1
1700423100,Nov 19 2023 - 7:45pm,Scotland,Norway,2.13,1.38,0.75,3,3,6,6,3,8,0.375,-5,1,52,0.96,1.52,-0.56,2,3.2,0,1
1700423100,Nov 19 2023 - 7:45pm,Portugal,Iceland,3,1.08,1.92,2,0,14,20,12,5,2.4,7,0.166666667,70,2.84,1.06,1.78,1.18,6,1,1
1700423100,Nov 19 2023 - 7:45pm,Bosnia-Herzegovina,Slovakia,0.82,2.2,-1.38,1,2,1,5,3,4,0.75,-1,0.333333333,45,0.72,1.17,-0.45,2.45,3.1,0,0
1700423100,Nov 19 2023 - 7:45pm,Liechtenstein,Luxembourg,0,1.55,-1.55,0,1,4,4,2,5,0.4,-3,0,40,0.65,1.13,-0.48,8.5,4.75,0,0
1700509500,Nov 20 2023 - 7:45pm,FYR Macedonia,England,1,2.5,-1.5,1,1,1,5,4,4,1,0,0.25,25,0.7,1.51,-0.81,13.35,6.45,0,0
1700509500,Nov 20 2023 - 7:45pm,Ukraine,Italy,2,1.75,0.25,0,0,4,7,5,3,1.666666667,2,0,42,1.1,1.35,-0.25,3.78,3.31,0,1
1700509500,Nov 20 2023 - 7:45pm,Czech Republic,Moldova,1.88,1.25,0.63,3,0,4,16,8,4,2,4,0.375,52,1.98,1.18,0.8,1.22,4.95,1,1
1700509500,Nov 20 2023 - 7:45pm,Albania,Faroe Islands,1.88,0.25,1.63,0,0,2,7,5,0,5,5,0,64,1.03,0.85,0.18,1.18,5.79,0,1
1700509500,Nov 20 2023 - 7:45pm,Northern Ireland,Denmark,0.9,2.2,-1.3,2,0,2,6,3,4,0.75,-1,0.666666667,20,0.72,1.6,-0.88,4.64,3.76,1,0
1700509500,Nov 20 2023 - 7:45pm,Slovenia,Kazakhstan,2.2,1.64,0.56,2,1,4,10,7,4,1.75,3,0.285714286,60,1.57,1.01,0.56,1.54,3.79,1,1
1700509500,Nov 20 2023 - 7:45pm,San Marino,Finland,0,1.64,-1.64,1,2,2,3,2,6,0.333333333,-4,0.5,25,0.45,1.56,-1.11,33.33,9.63,0,0
1700595900,Nov 21 2023 - 7:45pm,Greece,France,1.7,2.75,-1.05,2,2,2,6,3,8,0.375,-5,0.666666667,34,0.76,2.14,-1.38,4.25,3.32,0,0
1700595900,Nov 21 2023 - 7:45pm,Gibraltar,Netherlands,0,2.25,-2.25,0,6,0,0,0,10,0,-10,0,20,0.05,2.54,-2.49,51,21,0,0
1700595900,Nov 21 2023 - 7:45pm,Croatia,Armenia,2,1,1,1,0,11,19,12,3,4,9,0.083333333,69,2.76,0.52,2.24,1.15,6.16,1,1
1700595900,Nov 21 2023 - 7:45pm,Wales,Turkey,1.6,2.13,-0.53,1,1,7,8,5,3,1.666666667,2,0.2,40,1.14,1.01,0.13,2.55,3.25,0,1
1700595900,Nov 21 2023 - 7:45pm,Romania,Switzerland,2.2,1.7,0.5,1,0,1,8,5,5,1,0,0.2,36,1.04,1.38,-0.34,3.41,3.34,1,1
1700595900,Nov 21 2023 - 7:45pm,Andorra,Israel,0.2,1.36,-1.16,0,2,1,6,3,9,0.333333333,-6,0,16,0.76,2.04,-1.28,9.32,5.26,0,0
1700595900,Nov 21 2023 - 7:45pm,Kosovo,Belarus,1.1,1.2,-0.1,0,1,8,12,5,2,2.5,3,0,63,1.53,0.76,0.77,1.46,4.06,0,0
1711040400,Mar 21 2024 - 5:00pm,Georgia,Luxembourg,1.2,1.55,-0.35,2,0,2,11,5,3,1.666666667,2,0.4,56,1.35,0.67,0.68,1.8,3.4,1,0
1711050300,Mar 21 2024 - 7:45pm,Greece,Kazakhstan,1.7,1.64,0.06,5,0,8,18,11,3,3.666666667,8,0.454545455,64,2.13,0.98,1.15,1.33,5,1,1
1711050300,Mar 21 2024 - 7:45pm,Poland,Estonia,1.5,0.11,1.39,5,1,17,19,11,2,5.5,9,0.454545455,85,2.72,0.32,2.4,1.17,8,1,1
1711050300,Mar 21 2024 - 7:45pm,Wales,Finland,1.6,1.64,-0.04,4,1,2,16,11,3,3.666666667,8,0.363636364,41,1.98,0.87,1.11,1.85,3.4,1,1
1711050300,Mar 21 2024 - 7:45pm,Israel,Iceland,1.36,1.08,0.28,1,4,5,8,5,10,0.5,-5,0.2,56,1.22,1.73,-0.51,2.3,3.3,0,0
1711050300,Mar 21 2024 - 7:45pm,Bosnia-Herzegovina,Ukraine,0.82,2,-1.18,1,2,2,8,3,5,0.6,-2,0.333333333,34,1.01,1.34,-0.33,3.8,3.6,0,0
1711472400,Mar 26 2024 - 5:00pm,Georgia,Greece,1.2,1.7,-0.5,0,0,3,10,4,6,0.666666667,-2,0,38,0,0,0,3.36,3.15,0,0
1711482300,Mar 26 2024 - 7:45pm,Wales,Poland,1.6,1.5,0.1,0,0,3,6,4,0,4,4,0,45,0,0,0,2.54,3.28,0,1
1711482300,Mar 26 2024 - 7:45pm,Ukraine,Iceland,2,1.08,0.92,2,1,7,12,4,3,1.333333333,1,0.5,63,0,0,0,1.48,4.25,1,1
1679583600,Mar 23 2023 - 3:00pm,Slovenia,Kazakhstan,2.2,1.64,0.56,2,1,4,11,7,3,2.333333333,4,0.285714286,60,1.6,0.77,0.83,1.9,0,1,1
1679600700,Mar 23 2023 - 7:45pm,England,Italy,2.5,1.75,0.75,2,1,3,7,5,2,2.5,3,0.4,42,0.95,1.15,-0.2,2.55,0,1,1
1679600700,Mar 23 2023 - 7:45pm,Malta,FYR Macedonia,0,1,-1,1,2,2,5,3,5,0.6,-2,0.333333333,40,0.7,1.79,-1.09,9.7,0,0,0
1679600700,Mar 23 2023 - 7:45pm,Finland,Denmark,1.64,2.2,-0.56,1,3,2,7,3,11,0.272727273,-8,0.333333333,43,0.9,2.14,-1.24,12.5,4.65,0,0
1679600700,Mar 23 2023 - 7:45pm,Northern Ireland,San Marino,0.9,0,0.9,2,0,9,9,5,2,2.5,3,0.4,75,1.57,0.73,0.84,1.05,12.5,1,0
1679600700,Mar 23 2023 - 7:45pm,Liechtenstein,Portugal,0,3,-3,0,4,0,3,2,12,0.166666667,-10,0,20,0.37,3.45,-3.08,100,60,0,0
1679600700,Mar 23 2023 - 7:45pm,Luxembourg,Slovakia,1.55,2.2,-0.65,0,0,2,7,3,4,0.75,-1,0,47,0.89,1.46,-0.57,6.3,0,1,0
1679600700,Mar 23 2023 - 7:45pm,Iceland,Bosnia-Herzegovina,1.08,0.82,0.26,0,3,7,7,4,8,0.5,-4,0,63,1.11,1.41,-0.3,4.45,0,0,0
1679677200,Mar 24 2023 - 5:00pm,Montenegro,Bulgaria,1.38,0.5,0.88,1,0,5,11,7,4,1.75,3,0.142857143,36,1.55,0.99,0.56,2.55,3.2,1,1
1679687100,Mar 24 2023 - 7:45pm,Netherlands,France,2.25,2.75,-0.5,0,4,5,9,6,9,0.666666667,-3,0,59,1.33,1.69,-0.36,4.25,0,0,1
1679687100,Mar 24 2023 - 7:45pm,Greece,Gibraltar,1.7,0,1.7,3,0,12,20,8,2,4,6,0.375,73,2.78,0.35,2.43,1.08,10,1,1
1679687100,Mar 24 2023 - 7:45pm,Poland,Czech Republic,1.5,1.88,-0.38,1,3,4,9,5,7,0.714285714,-2,0.2,64,1.18,1.36,-0.18,3.15,3.3,0,1
1679687100,Mar 24 2023 - 7:45pm,Faroe Islands,Moldova,0.25,1.25,-1,1,1,2,5,3,4,0.75,-1,0.333333333,40,0.8,1.12,-0.32,3.05,3,1,0
1679687100,Mar 24 2023 - 7:45pm,Belgium,Sweden,2.5,1.25,1.25,3,0,9,9,6,5,1.2,1,0.5,56,1.21,1.1,0.11,2.2,0,1,1
1679687100,Mar 24 2023 - 7:45pm,Azerbaijan,Austria,0.88,2.38,-1.5,1,4,5,5,4,13,0.307692308,-9,0.25,48,0.77,2.91,-2.14,12,6,0,0
1679687100,Mar 24 2023 - 7:45pm,Lithuania,Serbia,0.75,1.75,-1,0,2,3,7,4,5,0.8,-1,0,42,0.83,1.4,-0.57,32,10,0,0
1679752800,Mar 25 2023 - 2:00pm,Cyprus,Scotland,0,2.13,-2.13,0,3,0,6,3,7,0.428571429,-4,0,39,0.69,1.55,-0.86,0,5.85,0,0
1679763600,Mar 25 2023 - 5:00pm,Turkey,Armenia,2.13,1,1.13,2,1,1,9,5,5,1,0,0.4,59,1.3,1.21,0.09,0,4.5,1,1
1679763600,Mar 25 2023 - 5:00pm,Switzerland,Belarus,1.7,1.2,0.5,5,0,2,13,7,2,3.5,5,0.714285714,71,1.78,0.81,0.97,1.22,6.4,1,1
1679763600,Mar 25 2023 - 5:00pm,Kosovo,Israel,1.1,1.36,-0.26,1,1,2,7,4,4,1,0,0.25,46,0.93,1.62,-0.69,0,3.4,1,0
1679773500,Mar 25 2023 - 7:45pm,Norway,Spain,1.38,2.63,-1.25,0,3,6,6,3,8,0.375,-5,0,37,0.87,1.72,-0.85,0,4.7,0,0
1679773500,Mar 25 2023 - 7:45pm,Wales,Croatia,1.6,2,-0.4,1,1,1,5,2,9,0.222222222,-7,0.5,33,0.66,2.08,-1.42,5.5,0,1,0
1679773500,Mar 25 2023 - 7:45pm,Romania,Andorra,2.2,0.2,2,2,0,6,9,5,2,2.5,3,0.4,71,1.3,0.53,0.77,1.2,6,1,1
1679835600,Mar 26 2023 - 1:00pm,Denmark,Kazakhstan,2.2,1.64,0.56,2,3,1,14,8,9,0.888888889,-1,0.25,61,1.74,1.78,-0.04,1.24,5.19,0,1
1679846400,Mar 26 2023 - 4:00pm,Ukraine,England,2,2.5,-0.5,0,2,1,2,0,9,0,-9,0,42,0.27,2.02,-1.75,8.26,4.73,0,0
1679846400,Mar 26 2023 - 4:00pm,San Marino,Slovenia,0,2.2,-2.2,0,2,0,2,0,6,0,-6,0,24,0.23,2.23,-2,38.88,10.74,0,0
1679846400,Mar 26 2023 - 4:00pm,Iceland,Liechtenstein,1.08,0,1.08,7,0,9,25,16,2,8,14,0.4375,78,3.4,0.31,3.09,1.12,6.45,1,1
1679856300,Mar 26 2023 - 6:45pm,Italy,Malta,1.75,0,1.75,2,0,8,16,7,3,2.333333333,4,0.285714286,69,1.92,0.7,1.22,1.09,7.34,1,1
1679856300,Mar 26 2023 - 6:45pm,Finland,Northern Ireland,1.64,0.9,0.74,1,0,2,6,3,2,1.5,1,0.333333333,57,0.9,1.16,-0.26,2.54,3.11,1,0
1679856300,Mar 26 2023 - 6:45pm,Bosnia-Herzegovina,Slovakia,0.82,2.2,-1.38,0,2,3,5,2,5,0.4,-3,0,54,0.73,1.41,-0.68,2.93,3.08,0,0
1679856300,Mar 26 2023 - 6:45pm,Portugal,Luxembourg,3,1.55,1.45,6,0,2,12,9,2,4.5,7,0.666666667,62,1.78,0.54,1.24,1.12,6.79,1,1
1679942700,Mar 27 2023 - 6:45pm,Gibraltar,Netherlands,0,2.25,-2.25,0,3,0,0,0,13,0,-13,0,19,0.03,4.57,-4.54,34,17,0,0
1679942700,Mar 27 2023 - 6:45pm,France,Republic of Ireland,2.75,0.75,2,1,0,2,9,6,3,2,3,0.166666667,59,1.44,0.88,0.56,0,4.1,1,1
1679942700,Mar 27 2023 - 6:45pm,Albania,Poland,1.88,1.5,0.38,0,1,3,8,4,6,0.666666667,-2,0,47,1.03,1.46,-0.43,8,4,0,0
1679942700,Mar 27 2023 - 6:45pm,Czech Republic,Moldova,1.88,1.25,0.63,0,0,5,14,4,3,1.333333333,1,0,62,1.71,0.61,1.1,1.3,4.5,1,1
1679942700,Mar 27 2023 - 6:45pm,Azerbaijan,Sweden,0.88,1.25,-0.37,0,5,4,5,2,7,0.285714286,-5,0,54,0.7,1.64,-0.94,0,7.8,0,0
1679942700,Mar 27 2023 - 6:45pm,Estonia,Austria,0.11,2.38,-2.27,1,2,2,7,4,9,0.444444444,-5,0.25,38,0.88,2.1,-1.22,14,0,0,0
1679942700,Mar 27 2023 - 6:45pm,Bulgaria,Hungary,0.5,2.25,-1.75,0,3,5,5,3,10,0.3,-7,0,45,0.87,1.86,-0.99,5.05,3.32,0,0
1679942700,Mar 27 2023 - 6:45pm,Serbia,Montenegro,1.75,1.38,0.37,2,0,1,7,3,3,1,0,0.666666667,58,0.98,1.04,-0.06,1.82,3.5,1,0
1680019200,Mar 28 2023 - 4:00pm,Norway,Georgia,1.38,1.2,0.18,1,1,3,15,7,4,1.75,3,0.142857143,66,1.8,1.17,0.63,2.21,3.4,1,1
1680029100,Mar 28 2023 - 6:45pm,Spain,Scotland,2.63,2.13,0.5,0,2,6,9,4,4,1,0,0,75,1.4,1.01,0.39,0,3.85,0,1
1680029100,Mar 28 2023 - 6:45pm,Croatia,Turkey,2,2.13,-0.13,2,0,2,8,6,6,1,0,0.333333333,54,1.17,1.96,-0.79,2.22,3.35,1,1
1680029100,Mar 28 2023 - 6:45pm,Latvia,Wales,0.38,1.6,-1.22,0,1,3,7,4,6,0.666666667,-2,0,28,0.94,1.64,-0.7,21,7,0,0
1680029100,Mar 28 2023 - 6:45pm,Israel,Switzerland,1.36,1.7,-0.34,0,3,4,5,2,10,0.2,-8,0,31,0.67,1.97,-1.3,5.89,3.78,0,0
1680029100,Mar 28 2023 - 6:45pm,Belarus,Romania,1.2,2.2,-1,1,2,0,9,5,4,1.25,1,0.2,49,1.28,1.62,-0.34,6.49,3.57,0,0
1680029100,Mar 28 2023 - 6:45pm,Andorra,Kosovo,0.2,1.1,-0.9,1,1,0,4,3,6,0.5,-3,0.333333333,23,0.54,1.8,-1.26,10.06,4.62,1,0
1686931200,Jun 16 2023 - 4:00pm,Slovenia,Finland,2.2,1.64,0.56,0,2,3,10,3,4,0.75,-1,0,59,1.2,1.2,0,2.9,3.2,0,1
1686941100,Jun 16 2023 - 6:45pm,England,Malta,2.5,0,2.5,4,0,3,13,9,0,9,9,0.444444444,66,1.89,0.03,1.86,1.03,15,1,1
1686941100,Jun 16 2023 - 6:45pm,Ukraine,FYR Macedonia,2,1,1,3,2,4,7,4,6,0.666666667,-2,0.75,50,0.92,1.21,-0.29,2.12,3.42,1,1
1686941100,Jun 16 2023 - 6:45pm,Republic of Ireland,Greece,0.75,1.7,-0.95,1,2,5,7,4,7,0.571428571,-3,0.25,51,1,1.72,-0.72,3.12,3.27,0,0
1686941100,Jun 16 2023 - 6:45pm,France,Gibraltar,2.75,0,2.75,3,0,11,25,10,0,10,10,0.3,82,3.35,0.25,3.1,1.01,10.58,1,1
1686941100,Jun 16 2023 - 6:45pm,Armenia,Wales,1,1.6,-0.6,4,2,3,12,5,6,0.833333333,-1,0.8,43,1.35,1.85,-0.5,6.4,4.55,1,0
1686941100,Jun 16 2023 - 6:45pm,Turkey,Latvia,2.13,0.38,1.75,3,2,2,16,8,9,0.888888889,-1,0.375,70,2.04,1.8,0.24,1.33,4.8,1,1
1686941100,Jun 16 2023 - 6:45pm,Northern Ireland,Denmark,0.9,2.2,-1.3,0,1,2,6,6,6,1,0,0,32,1.03,1.88,-0.85,10.75,5.7,0,0
1686941100,Jun 16 2023 - 6:45pm,Kazakhstan,San Marino,1.64,0,1.64,3,0,8,16,8,3,2.666666667,5,0.375,67,1.95,0.84,1.11,1.14,7.8,1,1
1686941100,Jun 16 2023 - 6:45pm,Switzerland,Andorra,1.7,0.2,1.5,2,1,1,13,9,3,3,6,0.222222222,85,2,0.6,1.4,1.06,12.25,1,1
1686941100,Jun 16 2023 - 6:45pm,Israel,Belarus,1.36,1.2,0.16,2,1,14,22,9,2,4.5,7,0.222222222,67,2.64,0.92,1.72,1.6,4,1,1
1686941100,Jun 16 2023 - 6:45pm,Romania,Kosovo,2.2,1.1,1.1,0,0,8,11,4,5,0.8,-1,0,40,1.44,1.46,-0.02,2.68,3.3,1,1
1687006800,Jun 17 2023 - 1:00pm,Bulgaria,Lithuania,0.5,0.75,-0.25,1,1,20,18,10,2,5,8,0.1,68,2.43,0.55,1.88,2.25,3.28,1,1
1687006800,Jun 17 2023 - 1:00pm,Liechtenstein,Luxembourg,0,1.55,-1.55,0,2,1,7,2,11,0.181818182,-9,0,26,0.71,2.54,-1.83,24,9.3,0,0
1687017600,Jun 17 2023 - 4:00pm,Scotland,Norway,2.13,1.38,0.75,2,1,3,4,4,4,1,0,0.5,41,0.8,0.95,-0.15,3.52,3.45,1,1
1687017600,Jun 17 2023 - 4:00pm,Estonia,Azerbaijan,0.11,0.88,-0.77,1,1,6,13,7,4,1.75,3,0.142857143,38,1.68,1.27,0.41,3.77,3.42,1,0
1687017600,Jun 17 2023 - 4:00pm,Hungary,Montenegro,2.25,1.38,0.87,0,0,2,7,2,4,0.5,-2,0,72,0.94,1.42,-0.48,2.17,3.35,1,0
1687027500,Jun 17 2023 - 6:45pm,Georgia,Cyprus,1.2,0,1.2,2,1,2,14,6,6,1,0,0.333333333,55,1.8,1.28,0.52,2,3.2,1,1
1687027500,Jun 17 2023 - 6:45pm,Moldova,Albania,1.25,1.88,-0.63,0,2,0,6,2,6,0.333333333,-4,0,28,0.7,1.37,-0.67,9,4.33,0,0
1687027500,Jun 17 2023 - 6:45pm,Czech Republic,Faroe Islands,1.88,0.25,1.63,3,0,8,13,6,0,6,6,0.5,60,1.72,0.13,1.59,1.27,5.85,1,1
1687027500,Jun 17 2023 - 6:45pm,Austria,Belgium,2.38,2.5,-0.12,1,1,3,8,4,3,1.333333333,1,0.25,44,0.98,1.12,-0.14,5.9,4.35,1,1
1687027500,Jun 17 2023 - 6:45pm,Slovakia,Iceland,2.2,1.08,1.12,2,1,9,11,5,4,1.25,1,0.4,52,1.4,1.21,0.19,2.66,3.3,1,1
1687027500,Jun 17 2023 - 6:45pm,Bosnia-Herzegovina,Portugal,0.82,3,-2.18,0,3,1,7,4,6,0.666666667,-2,0,38,0.94,1.47,-0.53,13.75,6.75,0,0
1687190400,Jun 19 2023 - 4:00pm,Latvia,Armenia,0.38,1,-0.62,1,2,0,3,2,7,0.285714286,-5,0.5,33,0.65,1.92,-1.27,4,3.4,0,0
1687190400,Jun 19 2023 - 4:00pm,San Marino,Finland,0,1.64,-1.64,0,6,1,2,2,12,0.166666667,-10,0,21,0.39,2.98,-2.59,47.73,10.59,0,0
1687190400,Jun 19 2023 - 4:00pm,Malta,Ukraine,0,2,-2,0,1,4,4,3,9,0.333333333,-6,0,36,0.67,2.13,-1.46,36,14,0,0
1687200300,Jun 19 2023 - 6:45pm,FYR Macedonia,England,1,2.5,-1.5,0,7,0,0,0,11,0,-11,0,33,0.05,2.06,-2.01,16,7.1,0,0
1687200300,Jun 19 2023 - 6:45pm,Gibraltar,Republic of Ireland,0,0.75,-0.75,0,3,2,2,2,14,0.142857143,-12,0,21,0.34,3.6,-3.26,101,26,0,0
1687200300,Jun 19 2023 - 6:45pm,Greece,France,1.7,2.75,-1.05,0,1,3,4,3,6,0.5,-3,0,38,0.66,1.83,-1.17,11.5,6,0,0
1687200300,Jun 19 2023 - 6:45pm,Wales,Turkey,1.6,2.13,-0.53,0,2,2,4,2,6,0.333333333,-4,0,23,0.5,1.68,-1.18,3.6,3.1,0,0
1687200300,Jun 19 2023 - 6:45pm,Kazakhstan,Northern Ireland,1.64,0.9,0.74,1,0,4,8,3,2,1.5,1,0.333333333,41,0.88,1.3,-0.42,5.75,3.4,1,0
1687200300,Jun 19 2023 - 6:45pm,Denmark,Slovenia,2.2,2.2,0,1,1,10,10,3,3,1,0,0.333333333,63,1.3,0.93,0.37,1.93,3.5,1,1
1687200300,Jun 19 2023 - 6:45pm,Romania,Switzerland,2.2,1.7,0.5,2,2,1,5,4,7,0.571428571,-3,0.5,28,0.77,2.03,-1.26,7.4,4.25,1,1
1687200300,Jun 19 2023 - 6:45pm,Andorra,Israel,0.2,1.36,-1.16,1,2,1,6,4,7,0.571428571,-3,0.25,20,0.74,1.45,-0.71,16.86,7.25,0,0
1687200300,Jun 19 2023 - 6:45pm,Kosovo,Belarus,1.1,1.2,-0.1,1,2,7,13,7,5,1.4,2,0.142857143,59,1.79,1.21,0.58,1.7,3.6,0,1
1687286700,Jun 20 2023 - 6:45pm,Georgia,Scotland,1.2,2.13,-0.93,0,2,0,9,0,4,0,-4,0,49,0.84,1.45,-0.61,7.5,3.7,0,0
1687286700,Jun 20 2023 - 6:45pm,Cyprus,Norway,0,1.38,-1.38,1,3,4,8,4,8,0.5,-4,0.25,34,0.89,2.03,-1.14,19.5,7.3,0,0
1687286700,Jun 20 2023 - 6:45pm,Poland,Moldova,1.5,1.25,0.25,2,3,9,15,6,5,1.2,1,0.333333333,73,1.93,1.05,0.88,1.2,6.5,0,1
1687286700,Jun 20 2023 - 6:45pm,Albania,Faroe Islands,1.88,0.25,1.63,3,1,6,18,7,3,2.333333333,4,0.428571429,49,1.91,0.96,0.95,1.72,3.7,1,1
1687286700,Jun 20 2023 - 6:45pm,Sweden,Austria,1.25,2.38,-1.13,0,2,4,4,4,15,0.266666667,-11,0,37,0.85,2.77,-1.92,3.55,3.2,0,0
1687286700,Jun 20 2023 - 6:45pm,Belgium,Estonia,2.5,0.11,2.39,3,0,5,11,6,2,3,4,0.5,67,1.48,0.89,0.59,1.18,6.8,1,1
1687286700,Jun 20 2023 - 6:45pm,Lithuania,Hungary,0.75,2.25,-1.5,0,2,4,6,3,12,0.25,-9,0,28,0.72,2.84,-2.12,17,7,0,0
1687286700,Jun 20 2023 - 6:45pm,Serbia,Bulgaria,1.75,0.5,1.25,1,1,7,9,3,3,1,0,0.333333333,69,1.43,0.91,0.52,1.52,4.15,1,0
1687286700,Jun 20 2023 - 6:45pm,Portugal,Iceland,3,1.08,1.92,1,0,11,8,4,2,2,2,0.25,71,1.31,0.78,0.53,1.41,4.65,1,1
1687286700,Jun 20 2023 - 6:45pm,Luxembourg,Bosnia-Herzegovina,1.55,0.82,0.73,2,0,1,5,4,4,1,0,0.5,33,0.83,1.16,-0.33,4.95,3.95,1,0
1687286700,Jun 20 2023 - 6:45pm,Slovakia,Liechtenstein,2.2,0,2.2,1,0,14,14,5,5,1,0,0.2,76,1.69,0.95,0.74,1.05,15,1,1
1694095200,Sep 07 2023 - 2:00pm,Finland,Kazakhstan,1.64,1.64,0,1,0,9,7,5,4,1.25,1,0.2,58,1.3,0.78,0.52,2.15,3.25,1,1
1694102400,Sep 07 2023 - 4:00pm,Montenegro,Lithuania,1.38,0.75,0.63,2,2,7,12,7,5,1.4,2,0.285714286,49,1.53,1.42,0.11,1.7,3.25,1,1
1694112300,Sep 07 2023 - 6:45pm,Republic of Ireland,France,0.75,2.75,-2,0,2,2,5,3,6,0.5,-3,0,32,0.75,2.11,-1.36,10.75,5.7,0,0
1694112300,Sep 07 2023 - 6:45pm,Greece,Netherlands,1.7,2.25,-0.55,0,3,3,6,2,7,0.285714286,-5,0,47,0.87,1.54,-0.67,6.5,4.5,0,0
1694112300,Sep 07 2023 - 6:45pm,Faroe Islands,Poland,0.25,1.5,-1.25,0,2,0,2,2,8,0.25,-6,0,28,0.39,1.97,-1.58,25,8.3,0,0
1694112300,Sep 07 2023 - 6:45pm,Albania,Czech Republic,1.88,1.88,0,1,1,1,2,2,5,0.4,-3,0.5,43,0.43,1.44,-1.01,6.3,3.95,1,0
1694112300,Sep 07 2023 - 6:45pm,Hungary,Serbia,2.25,1.75,0.5,2,1,3,7,4,4,1,0,0.5,46,0.94,1.61,-0.67,4.33,3.3,1,1
1694112300,Sep 07 2023 - 6:45pm,San Marino,Denmark,0,2.2,-2.2,0,4,0,2,0,7,0,-7,0,15,0.17,2.89,-2.72,110,78,0,0
1694112300,Sep 07 2023 - 6:45pm,Northern Ireland,Slovenia,0.9,2.2,-1.3,2,4,4,13,8,6,1.333333333,2,0.25,52,1.71,1.2,0.51,4.5,3.3,0,1
1694188800,Sep 08 2023 - 4:00pm,Spain,Georgia,2.63,1.2,1.43,7,1,6,23,13,3,4.333333333,10,0.538461538,72,2.87,0.75,2.12,1.3,5,1,1
1694198700,Sep 08 2023 - 6:45pm,Scotland,Cyprus,2.13,0,2.13,3,0,2,11,5,4,1.25,1,0.6,57,1.28,0.8,0.48,1.27,5.3,1,1
1694198700,Sep 08 2023 - 6:45pm,Latvia,Croatia,0.38,2,-1.62,0,5,0,7,4,15,0.266666667,-11,0,25,0.9,3.22,-2.32,26,10,0,0
1694198700,Sep 08 2023 - 6:45pm,Armenia,Turkey,1,2.13,-1.13,1,1,4,10,6,9,0.666666667,-3,0.166666667,34,1.29,2.23,-0.94,11.5,5.75,1,0
1694198700,Sep 08 2023 - 6:45pm,Portugal,Slovakia,3,2.2,0.8,1,0,4,12,8,3,2.666666667,5,0.125,56,1.65,0.9,0.75,1.44,4.33,1,1
1694198700,Sep 08 2023 - 6:45pm,Liechtenstein,Bosnia-Herzegovina,0,0.82,-0.82,1,2,3,5,4,5,0.8,-1,0.25,24,0.76,1.3,-0.54,56,17,0,0
1694198700,Sep 08 2023 - 6:45pm,Iceland,Luxembourg,1.08,1.55,-0.47,1,3,6,8,5,8,0.625,-3,0.2,56,1.2,1.63,-0.43,2.68,3.15,0,0
1694264400,Sep 09 2023 - 1:00pm,Belgium,Azerbaijan,2.5,0.88,1.62,1,0,13,15,7,5,1.4,2,0.142857143,54,1.82,1.13,0.69,1.2,6.5,1,1
1694275200,Sep 09 2023 - 4:00pm,England,Ukraine,2.5,2,0.5,1,1,2,10,5,2,2.5,3,0.2,68,1.47,0.43,1.04,1.45,4.47,1,1
1694275200,Sep 09 2023 - 4:00pm,Belarus,Andorra,1.2,0.2,1,0,0,9,12,4,2,2,2,0,73,1.46,0.57,0.89,1.87,3.23,1,0
1694275200,Sep 09 2023 - 4:00pm,Sweden,Estonia,1.25,0.11,1.14,5,0,9,18,11,0,11,11,0.454545455,67,2.3,0.47,1.83,1.38,4.97,1,1
1694285100,Sep 09 2023 - 6:45pm,Italy,FYR Macedonia,1.75,1,0.75,1,1,3,7,4,4,1,0,0.25,73,1.19,0.9,0.29,1.29,5.1,1,1
1694285100,Sep 09 2023 - 6:45pm,Israel,Romania,1.36,2.2,-0.84,1,1,4,12,6,4,1.5,2,0.166666667,62,1.5,1.13,0.37,3.88,3.42,1,1
1694285100,Sep 09 2023 - 6:45pm,Switzerland,Kosovo,1.7,1.1,0.6,2,2,5,13,6,6,1,0,0.333333333,66,1.64,1.5,0.14,1.65,3.83,1,1
1694350800,Sep 10 2023 - 1:00pm,Northern Ireland,Kazakhstan,0.9,1.64,-0.74,0,1,2,11,5,5,1,0,0,58,1.47,1.18,0.29,2.75,3.1,0,0
1694361600,Sep 10 2023 - 4:00pm,Moldova,Faroe Islands,1.25,0.25,1,1,0,4,10,4,0,4,4,0.25,32,1.13,0.9,0.23,2.55,3.1,1,0
1694361600,Sep 10 2023 - 4:00pm,Bulgaria,Montenegro,0.5,1.38,-0.88,1,2,4,16,8,6,1.333333333,2,0.125,52,1.85,1.33,0.52,3.8,3.3,0,1
1694361600,Sep 10 2023 - 4:00pm,Denmark,Finland,2.2,1.64,0.56,1,0,6,12,7,0,7,7,0.142857143,69,1.83,0.38,1.45,1.71,3.7,1,1
1694371500,Sep 10 2023 - 6:45pm,Netherlands,Republic of Ireland,2.25,0.75,1.5,2,1,5,8,6,2,3,4,0.333333333,48,1.27,0.8,0.47,1.5,3,1,1
1694371500,Sep 10 2023 - 6:45pm,Gibraltar,Greece,0,1.7,-1.7,0,5,0,0,0,13,0,-13,0,22,0.04,2.79,-2.75,81,21,0,0
1694371500,Sep 10 2023 - 6:45pm,Poland,Albania,1.5,1.88,-0.38,0,2,6,8,3,4,0.75,-1,0,58,1.16,0.94,0.22,2.2,3.3,0,0
1694371500,Sep 10 2023 - 6:45pm,Serbia,Lithuania,1.75,0.75,1,3,1,4,13,6,4,1.5,2,0.5,61,1.6,0.87,0.73,1.3,5.75,1,1
1694371500,Sep 10 2023 - 6:45pm,Slovenia,San Marino,2.2,0,2.2,4,0,5,16,10,2,5,8,0.4,77,2.39,0.35,2.04,1.05,15,1,1
1694448000,Sep 11 2023 - 4:00pm,Croatia,Armenia,2,1,1,1,0,9,18,9,3,3,6,0.111111111,68,2.28,0.75,1.53,1.37,4.8,1,1
1694457900,Sep 11 2023 - 6:45pm,Wales,Latvia,1.6,0.38,1.22,2,0,9,22,10,3,3.333333333,7,0.2,58,2.41,0.97,1.44,1.38,4.8,1,1
1694457900,Sep 11 2023 - 6:45pm,Bosnia-Herzegovina,Iceland,0.82,1.08,-0.26,0,1,6,12,5,3,1.666666667,2,0,59,1.59,0.76,0.83,2.7,3,0,0
1694457900,Sep 11 2023 - 6:45pm,Luxembourg,Portugal,1.55,3,-1.45,0,9,2,3,2,11,0.181818182,-9,0,33,0.47,2.47,-2,61,17,0,0
1694457900,Sep 11 2023 - 6:45pm,Liechtenstein,Slovakia,0,2.2,-2.2,0,3,2,2,0,6,0,-6,0,20,0.24,1.65,-1.41,56,15,0,0
1694544300,Sep 12 2023 - 6:45pm,Georgia,Norway,1.2,1.38,-0.18,1,2,0,5,3,5,0.6,-2,0.333333333,37,0.71,1.95,-1.24,9.5,5.2,0,0
1694544300,Sep 12 2023 - 6:45pm,Cyprus,Spain,0,2.63,-2.63,0,6,0,2,2,13,0.153846154,-11,0,19,0.34,3.27,-2.93,50,16,0,0
1694544300,Sep 12 2023 - 6:45pm,Ukraine,Italy,2,1.75,0.25,1,2,0,9,4,6,0.666666667,-2,0.25,36,1.07,2.05,-0.98,7.5,4.4,0,1
1694544300,Sep 12 2023 - 6:45pm,FYR Macedonia,Malta,1,0,1,2,0,2,8,6,3,2,3,0.333333333,47,1.06,1,0.06,1.65,3.3,1,1
1694544300,Sep 12 2023 - 6:45pm,Estonia,Belgium,0.11,2.5,-2.39,0,5,0,2,0,12,0,-12,0,24,0.22,2.68,-2.46,42,10.5,0,0
1694544300,Sep 12 2023 - 6:45pm,Austria,Sweden,2.38,1.25,1.13,3,1,4,10,7,5,1.4,2,0.428571429,53,1.36,1.56,-0.2,3.1,2.95,1,1
1694544300,Sep 12 2023 - 6:45pm,Andorra,Switzerland,0.2,1.7,-1.5,0,3,2,0,0,4,0,-4,0,15,0.08,2.2,-2.12,81,13,0,0
1694544300,Sep 12 2023 - 6:45pm,Belarus,Israel,1.2,1.36,-0.16,0,1,5,10,6,8,0.75,-2,0,32,1.17,2.36,-1.19,7.2,4.7,0,0
1694544300,Sep 12 2023 - 6:45pm,Kosovo,Romania,1.1,2.2,-1.1,0,2,2,7,5,9,0.555555556,-4,0,28,1.01,2.07,-1.06,4.8,3.4,0,0
1697126400,Oct 12 2023 - 4:00pm,Armenia,Latvia,1,0.38,0.62,0,2,6,9,3,9,0.333333333,-6,0,64,1.38,1.63,-0.25,1.97,3.37,0,0
1697136300,Oct 12 2023 - 6:45pm,Scotland,Spain,2.13,2.63,-0.5,0,2,1,4,2,6,0.333333333,-4,0,26,0.57,1.75,-1.18,8.5,5.5,0,0
1697136300,Oct 12 2023 - 6:45pm,Norway,Cyprus,1.38,0,1.38,4,0,6,18,10,0,10,10,0.4,73,2.52,0.28,2.24,1.26,5.75,1,1
1697136300,Oct 12 2023 - 6:45pm,Turkey,Croatia,2.13,2,0.13,1,0,4,12,7,7,1,0,0.142857143,37,1.51,1.79,-0.28,5.25,3.6,1,1
1697136300,Oct 12 2023 - 6:45pm,Czech Republic,Albania,1.88,1.88,0,0,3,4,10,8,6,1.333333333,2,0,64,1.8,1.16,0.64,2.31,3.23,0,1
1697136300,Oct 12 2023 - 6:45pm,Poland,Faroe Islands,1.5,0.25,1.25,2,0,3,9,5,0,5,5,0.4,66,1.23,0.41,0.82,1.38,4.83,1,1
1697136300,Oct 12 2023 - 6:45pm,Kosovo,Andorra,1.1,0.2,0.9,3,0,3,14,8,4,2,4,0.375,65,1.69,0.81,0.88,1.4,4.33,1,1
1697136300,Oct 12 2023 - 6:45pm,Romania,Belarus,2.2,1.2,1,0,0,9,16,6,3,2,3,0,68,2.02,0.86,1.16,1.61,3.83,1,1
1697212800,Oct 13 2023 - 4:00pm,Azerbaijan,Estonia,0.88,0.11,0.77,2,0,5,8,5,6,0.833333333,-1,0.4,51,1.03,1.44,-0.41,3.5,3.1,1,0
1697222700,Oct 13 2023 - 6:45pm,France,Netherlands,2.75,2.25,0.5,2,1,3,11,8,5,1.6,3,0.25,55,1.62,1.19,0.43,2.24,3.45,1,1
1697222700,Oct 13 2023 - 6:45pm,Greece,Republic of Ireland,1.7,0.75,0.95,2,0,4,9,6,6,1,0,0.333333333,42,1.3,1.9,-0.6,3,3.1,1,1
1697222700,Oct 13 2023 - 6:45pm,Belgium,Austria,2.5,2.38,0.12,3,2,3,8,6,6,1,0,0.5,42,1.14,1.81,-0.67,2.55,3.25,1,1
1697222700,Oct 13 2023 - 6:45pm,Luxembourg,Iceland,1.55,1.08,0.47,1,1,1,9,2,4,0.5,-2,0.5,42,0.83,1.46,-0.63,4.5,3.5,1,0
1697222700,Oct 13 2023 - 6:45pm,Slovakia,Portugal,2.2,3,-0.8,2,3,2,9,4,13,0.307692308,-9,0.5,42,1.2,2.77,-1.57,11.25,5.9,0,1
1697222700,Oct 13 2023 - 6:45pm,Bosnia-Herzegovina,Liechtenstein,0.82,0,0.82,2,0,11,25,14,2,7,12,0.142857143,74,3.07,0.48,2.59,1.08,11,1,1
1697288400,Oct 14 2023 - 1:00pm,FYR Macedonia,Ukraine,1,2,-1,0,2,3,11,6,8,0.75,-2,0,54,1.47,1.84,-0.37,5.68,3.88,0,0
1697288400,Oct 14 2023 - 1:00pm,San Marino,Northern Ireland,0,0.9,-0.9,0,3,1,3,0,8,0,-8,0,24,0.28,2.09,-1.81,91,29,0,0
1697299200,Oct 14 2023 - 4:00pm,Lithuania,Bulgaria,0.75,0.5,0.25,2,0,4,10,5,5,1,0,0.4,57,1.22,1.41,-0.19,6.4,3.95,1,0
1697299200,Oct 14 2023 - 4:00pm,Finland,Slovenia,1.64,2.2,-0.56,0,3,4,4,4,6,0.666666667,-2,0,58,0.93,1.51,-0.58,4.7,3.45,0,0
1697309100,Oct 14 2023 - 6:45pm,Malta,Italy,0,1.75,-1.75,0,4,1,0,0,5,0,-5,0,33,0.09,1.81,-1.72,100,17,0,0
1697309100,Oct 14 2023 - 6:45pm,Serbia,Hungary,1.75,2.25,-0.5,1,2,10,14,7,5,1.4,2,0.142857143,64,1.85,0.99,0.86,2.78,3.26,0,1
1697309100,Oct 14 2023 - 6:45pm,Kazakhstan,Denmark,1.64,2.2,-0.56,1,3,1,5,2,5,0.4,-3,0.5,36,0.57,1.45,-0.88,17.42,8.57,0,0
1697374800,Oct 15 2023 - 1:00pm,Cyprus,Georgia,0,1.2,-1.2,0,4,4,11,6,7,0.857142857,-1,0,40,1.26,1.47,-0.21,7.78,4.39,0,0
1697385600,Oct 15 2023 - 4:00pm,Faroe Islands,Czech Republic,0.25,1.88,-1.63,0,1,1,4,2,8,0.25,-6,0,30,0.6,2.76,-2.16,36,9.5,0,0
1697385600,Oct 15 2023 - 4:00pm,Belarus,Switzerland,1.2,1.7,-0.5,3,3,2,7,4,8,0.5,-4,0.75,22,0.79,2.6,-1.81,38,9.8,1,0
1697395500,Oct 15 2023 - 6:45pm,Spain,Norway,2.63,1.38,1.25,1,0,1,10,3,3,1,0,0.333333333,67,1.24,0.72,0.52,1.8,3.6,1,1
1697395500,Oct 15 2023 - 6:45pm,Latvia,Turkey,0.38,2.13,-1.75,0,4,5,9,3,9,0.333333333,-6,0,32,0.87,2.21,-1.34,25,8.3,0,0
1697395500,Oct 15 2023 - 6:45pm,Croatia,Wales,2,1.6,0.4,1,2,5,9,4,6,0.666666667,-2,0.25,72,1.19,1.22,-0.03,2.02,3.45,0,1
1697395500,Oct 15 2023 - 6:45pm,Moldova,Poland,1.25,1.5,-0.25,1,1,6,3,2,8,0.25,-6,0.5,28,0.65,2.05,-1.4,14.5,7,1,0
1697395500,Oct 15 2023 - 6:45pm,Andorra,Romania,0.2,2.2,-2,0,4,0,3,0,10,0,-10,0,21,0.31,2.21,-1.9,17.5,8.25,0,0
1697472000,Oct 16 2023 - 4:00pm,Austria,Azerbaijan,2.38,0.88,1.5,1,0,9,10,4,0,4,4,0.25,46,1.27,0.63,0.64,1.36,4.99,1,1
1697481900,Oct 16 2023 - 6:45pm,Republic of Ireland,Gibraltar,0.75,0,0.75,4,0,11,23,13,0,13,13,0.307692308,75,3.17,0.36,2.81,1.07,14.5,1,1
1697481900,Oct 16 2023 - 6:45pm,Netherlands,Greece,2.25,1.7,0.55,1,0,8,11,7,3,2.333333333,4,0.142857143,60,1.52,1.05,0.47,1.82,3.75,1,1
1697481900,Oct 16 2023 - 6:45pm,Sweden,Belgium,1.25,2.5,-1.25,1,1,2,11,7,4,1.75,3,0.142857143,50,0,0,0,5.25,4,1,1
1697481900,Oct 16 2023 - 6:45pm,Liechtenstein,Iceland,0,1.08,-1.08,0,4,1,5,3,10,0.3,-7,0,29,0.69,2.06,-1.37,41,16,0,0
1697481900,Oct 16 2023 - 6:45pm,Portugal,Bosnia-Herzegovina,3,0.82,2.18,5,0,2,9,7,0,7,7,0.714285714,68,1.53,0.41,1.12,1.5,4.5,1,1
1697481900,Oct 16 2023 - 6:45pm,Slovakia,Luxembourg,2.2,1.55,0.65,1,0,4,7,3,4,0.75,-1,0.333333333,47,0.94,1.27,-0.33,2.5,3.4,1,1
1697558400,Oct 17 2023 - 4:00pm,Kazakhstan,Finland,1.64,1.64,0,2,1,3,9,5,5,1,0,0.4,42,1.17,1.52,-0.35,6.5,4,1,1
1697568300,Oct 17 2023 - 6:45pm,Italy,England,1.75,2.5,-0.75,1,3,2,10,5,7,0.714285714,-2,0.2,49,1.19,1.37,-0.18,5.8,3.5,0,1
1697568300,Oct 17 2023 - 6:45pm,Ukraine,Malta,2,0,2,3,1,4,15,8,5,1.6,3,0.375,66,1.83,1.38,0.45,1.36,5,1,1
1697568300,Oct 17 2023 - 6:45pm,Montenegro,Serbia,1.38,1.75,-0.37,1,3,3,8,4,8,0.5,-4,0.25,41,1.07,2.07,-1,7.5,4.8,0,0
1697568300,Oct 17 2023 - 6:45pm,Hungary,Lithuania,2.25,0.75,1.5,2,2,10,13,9,5,1.8,4,0.222222222,65,1.95,1.08,0.87,1.26,6.25,1,1
1697568300,Oct 17 2023 - 6:45pm,Slovenia,Northern Ireland,2.2,0.9,1.3,1,0,2,8,5,3,1.666666667,2,0.2,58,1.03,0.84,0.19,2.4,3.4,1,1
1697568300,Oct 17 2023 - 6:45pm,Denmark,San Marino,2.2,0,2.2,2,1,6,8,5,3,1.666666667,2,0.4,82,1.46,0.65,0.81,1.01,41,1,1
1699818300,Nov 12 2023 - 7:45pm,Israel,Kosovo,1.36,1.1,0.26,0,1,0,8,3,8,0.375,-5,0,66,1.11,1.63,-0.52,2.85,3.4,0,0
1700077500,Nov 15 2023 - 7:45pm,Switzerland,Israel,1.7,1.36,0.34,1,1,6,14,9,3,3,6,0.111111111,49,1.97,1.02,0.95,1.67,3.75,1,1
1700154000,Nov 16 2023 - 5:00pm,Scotland,Georgia,2.13,1.2,0.93,2,2,4,14,6,7,0.857142857,-1,0.333333333,64,1.67,1.14,0.53,2.16,3.35,1,1
1700154000,Nov 16 2023 - 5:00pm,Austria,Estonia,2.38,0.11,2.27,2,0,3,12,5,0,5,5,0.4,69,1.57,0.55,1.02,1.32,5.3,1,1
1700154000,Nov 16 2023 - 5:00pm,Sweden,Azerbaijan,1.25,0.88,0.37,0,3,9,14,7,4,1.75,3,0,64,2.01,1.07,0.94,1.48,4.32,0,1
1700154000,Nov 16 2023 - 5:00pm,Spain,Cyprus,2.63,0,2.63,3,1,8,11,6,4,1.5,2,0.5,77,1.59,0.68,0.91,1.07,12,1,1
1700154000,Nov 16 2023 - 5:00pm,Hungary,Bulgaria,2.25,0.5,1.75,2,2,6,16,6,3,2,3,0.333333333,59,1.86,0.58,1.28,1.73,3.67,1,1
1700163900,Nov 16 2023 - 7:45pm,Lithuania,Montenegro,0.75,1.38,-0.63,0,2,2,7,2,10,0.2,-8,0,51,0.81,2.08,-1.27,9.5,5,0,0
1700163900,Nov 16 2023 - 7:45pm,Iceland,Slovakia,1.08,2.2,-1.12,2,4,2,5,3,9,0.333333333,-6,0.666666667,43,0.66,1.86,-1.2,4.75,3.6,0,0
1700163900,Nov 16 2023 - 7:45pm,Bosnia-Herzegovina,Luxembourg,0.82,1.55,-0.73,1,4,2,8,4,6,0.666666667,-2,0.25,46,1.02,1.18,-0.16,2.3,3.4,0,0
1700163900,Nov 16 2023 - 7:45pm,Portugal,Liechtenstein,3,0,3,2,0,6,23,11,2,5.5,9,0.181818182,83,3.11,0.58,2.53,1.01,11.03,1,1
1700233200,Nov 17 2023 - 3:00pm,San Marino,Kazakhstan,0,1.64,-1.64,1,3,2,5,2,8,0.25,-6,0.5,40,0.66,1.57,-0.91,51,14.5,0,0
1700240400,Nov 17 2023 - 5:00pm,Northern Ireland,Finland,0.9,1.64,-0.74,0,4,3,7,4,6,0.666666667,-2,0,41,1.06,1.29,-0.23,4,3.43,0,0
1700240400,Nov 17 2023 - 5:00pm,Albania,Moldova,1.88,1.25,0.63,1,1,2,9,5,7,0.714285714,-2,0.2,49,1.13,1.59,-0.46,1.75,3.4,1,1
1700250300,Nov 17 2023 - 7:45pm,Malta,England,0,2.5,-2.5,0,2,2,4,0,4,0,-4,0,27,0.37,1.17,-0.8,110,30.5,0,0
1700250300,Nov 17 2023 - 7:45pm,FYR Macedonia,Italy,1,1.75,-0.75,2,5,2,4,3,12,0.25,-9,0.666666667,35,0.57,2.22,-1.65,15.75,7.15,0,0
1700250300,Nov 17 2023 - 7:45pm,Czech Republic,Poland,1.88,1.5,0.38,1,1,3,13,4,6,0.666666667,-2,0.25,41,1.42,1.45,-0.03,2.89,3.18,1,1
1700250300,Nov 17 2023 - 7:45pm,Slovenia,Denmark,2.2,2.2,0,1,2,2,3,2,9,0.222222222,-7,0.5,33,0.42,2.05,-1.63,7,3.75,0,0
1700316000,Nov 18 2023 - 2:00pm,Wales,Armenia,1.6,1,0.6,1,1,3,10,5,3,1.666666667,2,0.2,47,1.35,1.35,0,1.98,3.45,1,1
1700326800,Nov 18 2023 - 5:00pm,Croatia,Latvia,2,0.38,1.62,2,0,1,14,7,0,7,7,0.285714286,65,1.72,0.33,1.39,1.13,7.5,1,1
1700326800,Nov 18 2023 - 5:00pm,Andorra,Belarus,0.2,1.2,-1,0,1,3,7,3,8,0.375,-5,0,30,0.81,1.77,-0.96,6.85,3.62,0,0
1700336700,Nov 18 2023 - 7:45pm,Republic of Ireland,Netherlands,0.75,2.25,-1.5,0,1,3,3,2,6,0.333333333,-4,0,48,0.66,1.6,-0.94,17,6.5,0,0
1700336700,Nov 18 2023 - 7:45pm,Gibraltar,France,0,2.75,-2.75,0,14,0,0,0,21,0,-21,0,31,0.04,4.51,-4.47,51,41,0,0
1700336700,Nov 18 2023 - 7:45pm,Kosovo,Switzerland,1.1,1.7,-0.6,1,1,0,7,4,6,0.666666667,-2,0.25,23,0.92,1.99,-1.07,9.75,5.4,1,0
1700336700,Nov 18 2023 - 7:45pm,Romania,Israel,2.2,1.36,0.84,2,1,3,17,9,6,1.5,3,0.222222222,35,1.9,1.88,0.02,2.59,3.27,1,1
1700402400,Nov 19 2023 - 2:00pm,Montenegro,Hungary,1.38,2.25,-0.87,1,3,3,9,8,6,1.333333333,2,0.125,41,1.36,1.61,-0.25,1.5,3,0,1
1700402400,Nov 19 2023 - 2:00pm,Bulgaria,Serbia,0.5,1.75,-1.25,2,2,3,4,3,9,0.333333333,-6,0.666666667,42,0.63,2.12,-1.49,1.5,3,1,0
1700413200,Nov 19 2023 - 5:00pm,Azerbaijan,Belgium,0.88,2.5,-1.62,0,5,0,0,0,8,0,-8,0,26,0.06,2.28,-2.22,29,13,0,0
1700413200,Nov 19 2023 - 5:00pm,Estonia,Sweden,0.11,1.25,-1.14,0,2,1,3,0,5,0,-5,0,38,0.38,1.59,-1.21,19,9,0,0
1700423100,Nov 19 2023 - 7:45pm,Georgia,Spain,1.2,2.63,-1.43,1,3,3,7,2,10,0.2,-8,0.5,31,0.73,2.79,-2.06,19,9,0,0
1700423100,Nov 19 2023 - 7:45pm,Norway,Scotland,1.38,2.13,-0.75,3,3,4,11,8,3,2.666666667,5,0.375,48,1.52,0.96,0.56,3.75,3.2,1,1
1700423100,Nov 19 2023 - 7:45pm,Iceland,Portugal,1.08,3,-1.92,0,2,0,8,5,12,0.416666667,-7,0,30,1.06,2.84,-1.78,15,6,0,0
1700423100,Nov 19 2023 - 7:45pm,Slovakia,Bosnia-Herzegovina,2.2,0.82,1.38,2,1,7,9,4,3,1.333333333,1,0.5,55,1.17,0.72,0.45,2.88,3.1,1,1
1700423100,Nov 19 2023 - 7:45pm,Luxembourg,Liechtenstein,1.55,0,1.55,1,0,6,8,5,2,2.5,3,0.2,60,1.13,0.65,0.48,1.33,4.75,1,1
1700509500,Nov 20 2023 - 7:45pm,England,FYR Macedonia,2.5,1,1.5,1,1,6,11,4,4,1,0,0.25,75,1.51,0.7,0.81,1.14,6.45,1,1
1700509500,Nov 20 2023 - 7:45pm,Italy,Ukraine,1.75,2,-0.25,0,0,9,11,3,5,0.6,-2,0,58,1.35,1.1,0.25,1.84,3.31,1,0
1700509500,Nov 20 2023 - 7:45pm,Moldova,Czech Republic,1.25,1.88,-0.63,0,3,4,9,4,8,0.5,-4,0,48,1.18,1.98,-0.8,11.08,4.95,0,0
1700509500,Nov 20 2023 - 7:45pm,Faroe Islands,Albania,0.25,1.88,-1.63,0,0,3,8,0,5,0,-5,0,36,0.85,1.03,-0.18,11.25,5.79,1,0
1700509500,Nov 20 2023 - 7:45pm,Denmark,Northern Ireland,2.2,0.9,1.3,0,2,10,11,4,3,1.333333333,1,0,80,1.6,0.72,0.88,1.59,3.76,0,1
1700509500,Nov 20 2023 - 7:45pm,Kazakhstan,Slovenia,1.64,2.2,-0.56,1,2,3,7,4,7,0.571428571,-3,0.25,40,1.01,1.57,-0.56,5.08,3.79,0,0
1700509500,Nov 20 2023 - 7:45pm,Finland,San Marino,1.64,0,1.64,2,1,6,8,6,2,3,4,0.333333333,75,1.56,0.45,1.11,1.02,9.63,1,1
1700595900,Nov 21 2023 - 7:45pm,France,Greece,2.75,1.7,1.05,2,2,9,14,8,3,2.666666667,5,0.25,66,2.14,0.76,1.38,1.74,3.32,1,1
1700595900,Nov 21 2023 - 7:45pm,Netherlands,Gibraltar,2.25,0,2.25,6,0,9,17,10,0,10,10,0.6,80,2.54,0.05,2.49,1.01,21,1,1
1700595900,Nov 21 2023 - 7:45pm,Armenia,Croatia,1,2,-1,0,1,3,3,3,12,0.25,-9,0,31,0.52,2.76,-2.24,12.24,6.16,0,0
1700595900,Nov 21 2023 - 7:45pm,Turkey,Wales,2.13,1.6,0.53,1,1,5,8,3,5,0.6,-2,0.333333333,60,1.01,1.14,-0.13,2.75,3.25,1,1
1700595900,Nov 21 2023 - 7:45pm,Switzerland,Romania,1.7,2.2,-0.5,0,1,6,10,5,5,1,0,0,64,1.38,1.04,0.34,1.93,3.34,0,1
1700595900,Nov 21 2023 - 7:45pm,Israel,Andorra,1.36,0.2,1.16,2,0,5,14,9,3,3,6,0.222222222,84,2.04,0.76,1.28,1.35,5.26,1,1
1700595900,Nov 21 2023 - 7:45pm,Belarus,Kosovo,1.2,1.1,0.1,1,0,1,6,2,5,0.4,-3,0.5,37,0.76,1.53,-0.77,5.59,4.06,1,0
1711040400,Mar 21 2024 - 5:00pm,Luxembourg,Georgia,1.55,1.2,0.35,0,2,0,5,3,5,0.6,-2,0,44,0.67,1.35,-0.68,5,3.4,0,0
1711050300,Mar 21 2024 - 7:45pm,Kazakhstan,Greece,1.64,1.7,-0.06,0,5,5,8,3,11,0.272727273,-8,0,36,0.98,2.13,-1.15,10,5,0,0
1711050300,Mar 21 2024 - 7:45pm,Estonia,Poland,0.11,1.5,-1.39,1,5,1,2,2,11,0.181818182,-9,0.5,15,0.32,2.72,-2.4,15,8,0,0
1711050300,Mar 21 2024 - 7:45pm,Finland,Wales,1.64,1.6,0.04,1,4,3,6,3,11,0.272727273,-8,0.333333333,59,0.87,1.98,-1.11,4.75,3.4,0,0
1711050300,Mar 21 2024 - 7:45pm,Iceland,Israel,1.08,1.36,-0.28,4,1,6,13,10,5,2,5,0.4,44,1.73,1.22,0.51,3.1,3.3,1,1
1711050300,Mar 21 2024 - 7:45pm,Ukraine,Bosnia-Herzegovina,2,0.82,1.18,2,1,4,10,5,3,1.666666667,2,0.4,66,1.34,1.01,0.33,1.95,3.6,1,1
1711472400,Mar 26 2024 - 5:00pm,Greece,Georgia,1.7,1.2,0.5,0,0,8,9,6,4,1.5,2,0,62,0,0,0,2.29,3.15,1,1
1711482300,Mar 26 2024 - 7:45pm,Poland,Wales,1.5,1.6,-0.1,0,0,6,8,0,4,0,-4,0,55,0,0,0,3.28,3.28,1,0
1711482300,Mar 26 2024 - 7:45pm,Iceland,Ukraine,1.08,2,-0.92,1,2,2,6,3,4,0.75,-1,0.333333333,37,0,0,0,7.1,4.25,0,0
